subject_id,wPLI_delta_GlobalEff_AI,wPLI_delta_ClustCoeff_AI,wPLI_delta_MeanHomotopic,wPLI_delta_FrobeniusDist,wPLI_theta_GlobalEff_AI,wPLI_theta_ClustCoeff_AI,wPLI_theta_MeanHomotopic,wPLI_theta_FrobeniusDist,wPLI_alpha_GlobalEff_AI,wPLI_alpha_ClustCoeff_AI,wPLI_alpha_MeanHomotopic,wPLI_alpha_FrobeniusDist,wPLI_beta_GlobalEff_AI,wPLI_beta_ClustCoeff_AI,wPLI_beta_MeanHomotopic,wPLI_beta_FrobeniusDist
sub-01,-0.05478937370346889,-0.04676204999524965,0.2874142182969086,0.17109932132297864,-0.12734726544087815,0.2756762063918815,0.2426079176240981,0.2557138839620106,-0.29496586917292367,0.03655377882797732,0.23633529542400758,0.36753573698468234,-0.027936600571217007,0.05947349051998531,0.29090776277137975,0.21211374546138273
sub-02,-0.17530798107810888,-0.13947849714719202,0.39435756136068845,0.32318569134754055,0.17977082455025067,0.06058106988998264,0.2635578257338646,0.1914585277734617,0.07710150443158961,0.006747584463408526,0.2989262190979911,0.11071550364572337,-0.2490655727294127,-0.12803359952673193,0.1920624292251042,0.27289366192130293
sub-03,-0.16910373174639123,-0.0628578216069542,0.4035812557269516,0.270542101012978,-0.09619581849878787,0.04984207410261118,0.25699538350081674,0.21008814722559846,-0.04631918473716418,0.20119062816405306,0.3718364871671271,0.18367067738709095,-0.06069651273600457,-0.06323770045939443,0.21440352489493214,0.11325600765452863
sub-04,0.16155465663750623,-6.0235291860359504e-05,0.39649332209741245,0.22342692507777698,-0.20503231025470225,-0.042102658027597474,0.3717682772275777,0.29293141456820315,0.09451573772463982,0.013297272627215865,0.43019387285017296,0.23289692336325957,0.03790507149675933,0.08900673786366693,0.2043368655953096,0.1660008424795851
sub-05,0.16155465663750623,-6.0235291860359504e-05,0.39649332209741245,0.22342692507777698,-0.20503231025470225,-0.042102658027597474,0.3717682772275777,0.29293141456820315,0.09451573772463982,0.013297272627215865,0.43019387285017296,0.23289692336325957,0.03790507149675933,0.08900673786366693,0.2043368655953096,0.1660008424795851
sub-06,0.04478744016481085,0.21621104115138698,0.3842915160292216,0.15477540471574142,-0.21104381838600525,-0.14198680824864574,0.1923764312991261,0.25839837489234013,0.11712021030204321,-0.03905757368042767,0.3356586351811294,0.15160437658536055,0.14299485720093255,0.03309514737911675,0.22820394018101475,0.1495921370968853
sub-07,-0.24621347855192494,-0.026000679906856634,0.2341138352673965,0.34804347684367654,0.013381600172869351,-0.13133239433776261,0.37211673860123373,0.12379774968195799,-0.047297586380022856,0.05805920798781222,0.220880422315123,0.12646523487266306,0.0015679427805082476,-0.021667912841130628,0.19679793193124798,0.05338796954607106
sub-08,0.2053493193284515,0.0512316295333179,0.48086388775191885,0.22893805747107632,0.24397228727879605,-0.06566072793719417,0.23399071825571766,0.284764602771081,0.08803074645777671,-0.038893772142478224,0.19978222494679612,0.1876377002857438,-0.028790118475009143,-0.10577949765203915,0.1773245814298221,0.10857413120388777
sub-09,0.05591176192534311,0.03678566201828673,0.23117278756210136,0.1977029159607044,-0.10896731087955926,0.0896964499581226,0.22813426974909715,0.19070406812611188,-0.0334734916474244,-0.02423908373119705,0.33146778680321864,0.11495870483445837,0.09953168687323101,-0.18268424312526385,0.2679822270435166,0.1847704652091653
sub-10,0.09290986415263268,0.06425840067247292,0.27236615922316343,0.16494549330337907,-0.37791576353369677,-0.13229237571720795,0.30219950335560514,0.3830444795357929,-0.15867928243614504,-0.06889848590377604,0.3964203933268882,0.17484110807116732,-0.10843350315051714,-0.037897749801472876,0.2557150867459458,0.18586993236213345
sub-11,-0.01809603404396588,0.14903770402236577,0.26210685274053713,0.28988792475381964,-0.05622362827269863,-0.005071821133977277,0.22928446232764021,0.1356493102336035,-0.10574951331074567,-0.13123941739534417,0.2897050673293039,0.23932099677095928,-0.007939794006095825,0.027624177045975223,0.5627335795547275,0.043638216881663416
sub-12,-0.1097523729577997,0.10461005666238925,0.23679116371031583,0.20864795391265364,-0.025241171283967724,0.015690803007520335,0.24490896344287286,0.07797230577148634,0.016050739539832434,-0.1251409552269807,0.22258571397722626,0.17373290860635643,0.11134410800522666,-0.06752919768019573,0.17554627841549428,0.13698260756300873
sub-13,-0.0973083364835854,0.005206172004454598,0.5527903315175738,0.10766714262150043,-0.15011591760668866,-0.04741571354396527,0.5965760468600392,0.17439064260075535,-0.09486916599151043,-0.02151661980134108,0.6221979666517543,0.10531892195455335,-0.06792935328298794,-0.07666902594466005,0.6747916710618546,0.10088607142341467
sub-14,0.22633326991090968,-0.00987396900020872,0.287210830064686,0.239499067441155,-0.224297012881098,-0.06814488864509415,0.17452518069014683,0.289146645910847,-0.15189146695417635,0.04899726311293752,0.25598103882540774,0.23934586149662493,0.014110779637515437,-0.06036421734177526,0.13622231190696546,0.1055462234091514
sub-15,-0.01800461406600034,0.1492057377273871,0.2621169412697062,0.2898778977833335,-0.056216734577748,-0.005099171774420563,0.22927849657431187,0.13563909161224424,-0.10575728923421354,-0.1312668924837589,0.28970957110281986,0.2393057170886685,-0.007935612259929382,0.027637789882958314,0.5627336692179484,0.04364357473161989
sub-16,-0.044441383703883966,-0.05198405166054062,0.5338656397268011,0.11823173570964642,-0.05654850356818321,-0.11741493206852562,0.5202818138820693,0.2480813512396597,0.08473201964513508,0.07346967346960913,0.4198190457107921,0.2036816429282618,-0.020859069294146455,-0.06447184297685082,0.2866518448675778,0.10759761203593582
sub-17,-0.07621034606176595,-0.1392981638306183,0.17904380458792082,0.12195304354282734,-0.23176230614231022,-0.12008824619676657,0.201009223276725,0.25617592046018367,0.07105301678562732,-0.18623597554746207,0.25734535907980194,0.3523686355785488,-0.19460871477152147,0.03837683928522685,0.24276917680162444,0.2392792368768229
sub-18,0.01815912027090509,6.520886292529488e-05,0.401273171769751,0.1916150355100443,0.00909532059311618,-0.049566522485251924,0.39932471430534355,0.11788222290268908,0.09922652090044035,-0.11021293664933188,0.37436022132445557,0.1853871910903203,-0.00528210567754178,0.044172952638063444,0.24500765832837795,0.2570108134591786
sub-19,-0.18720484042224414,-0.164742238991226,0.23846103825660636,0.23928909070430684,0.15928186722463278,0.1790896868092875,0.3047504471239525,0.2245681052904171,-0.2360486998306004,0.058746232417574054,0.33222585966666496,0.34779022657002934,-0.25995326752466325,0.14653560395158974,0.22908217389419733,0.29169646257689474
sub-20,-0.042798218010438635,0.008281631882630704,0.3330857330644514,0.09694918770883028,-0.21904986551679492,-0.1624967063499297,0.302120113659056,0.23043095975045555,-0.24566659508761005,-0.2870704416091236,0.3009907371903672,0.32111336711733496,0.10493765264594697,-0.0334308923194551,0.2470643323017756,0.2539104043944353
sub-21,-0.13746055316144287,0.009537255559961322,0.2737322818486737,0.2098197824151632,-0.000907693012816933,0.07522992270250611,0.32995153537177996,0.13346339028018028,0.14280214721769324,0.13823000563378657,0.25140979755890674,0.2234778145357311,0.04372309392588575,0.1652323704680375,0.19987048310590785,0.14186430536594502
sub-22,-0.07939481981967271,0.07691246923914545,0.24956063905457437,0.16826677713183688,-0.10405381450879668,-0.11640176474189722,0.22700251251563075,0.12721395391240625,0.13284929885681304,0.01663445803317723,0.29697000538156265,0.27866256257915323,0.08772634498358343,-0.08318788161311723,0.19897723752854357,0.21543124849328293
sub-23,-0.07041112905484741,0.046153208059413406,0.2476442531494737,0.2538499399268604,-0.38024833833315463,0.0036964662689050803,0.28715161391147837,0.4076032481462303,-0.0820454572335156,0.04419530231104588,0.27032238579685025,0.14674990193957094,-0.21397324528532294,-0.040163963641846635,0.2126975295292869,0.23968607888468843
sub-24,-0.0016688059864690217,0.11029669735721435,0.46271262481659653,0.1780874920275334,0.3335224142109421,0.03759147003803841,0.3724186183421906,0.38912336709844864,-0.003192233615793318,0.10718877341791791,0.29666551077984304,0.2735014049420722,0.059295776826319486,0.0014512023368836021,0.32025578757997586,0.11338984432135567
sub-25,0.006104537222422945,0.11777176078256162,0.368100223619639,0.16548491562693526,-0.08494490025456736,-0.05555207648475022,0.18447723734518381,0.11476048244801985,0.06957424517810522,0.04505839366605741,0.4718219297923623,0.12157727607701943,0.007256059062408994,-0.05505962455393248,0.2529079191349631,0.083385882284513
sub-26,0.019985754450204046,0.020685397856703196,0.2208556657811358,0.11510388516275875,0.05003312069441417,-0.04134826028332343,0.3060690150542936,0.14380515831726176,-0.010959768662383669,-0.2822468106511444,0.22174250731084463,0.2870150579373932,-0.1806972595465605,0.08462391036427365,0.3128903926777783,0.3107148732866774
sub-27,0.28369615334467907,-0.15285447358114504,0.34962541176234674,0.33144629576590545,0.002748367805609468,-0.30734549377498427,0.1582139682406022,0.24309211921941384,-0.18735096805247156,0.044994947996635476,0.30434014774089013,0.27001716360283595,-0.20737819222354872,-0.017704357093770336,0.22864667112751036,0.21555666913749008
sub-28,-0.057214803175842106,0.14751018173115768,0.25470043769233475,0.21589832677288756,-0.010264979194779268,0.23719726301680705,0.14828858288001126,0.28175600747774043,-0.11368265901777694,0.08747533527867005,0.15499747098590277,0.21483972744325522,0.14429437102551618,-0.021257882332453133,0.2619106044030535,0.23830186997829178
sub-29,-0.10080823351807792,-0.06042662795077813,0.5052162976995596,0.16961937143525632,-0.09286372511365576,-0.035386818312775466,0.3546637639589902,0.11364695682455184,0.11216146808356854,0.027373554213953225,0.17191931259969412,0.17528307730642628,-0.03753008535666224,-0.05838194987389044,0.2489876623679637,0.16589753432664345
sub-30,-0.024479660097833988,0.027712061150346846,0.32336732233182985,0.12447701804317886,0.007797072788863546,0.10539698875601515,0.2394193316560779,0.17322334206833828,-0.08054834768799166,-0.020798089209984442,0.2278514453371434,0.16629197242098281,-0.1321688229459757,-0.008427464166887253,0.17406073021624874,0.23393153208765086
sub-31,0.14299396934683462,0.12758693018220169,0.4247360862615588,0.18047290691904305,0.3242495751446907,0.05225813613092459,0.4825508657623384,0.37064899070464186,-0.1464994573519431,-0.1433714247335973,0.5635648997720077,0.19873867375704027,0.01823340721103462,0.03535959201200256,0.28141936695956343,0.16603122026177672
sub-32,0.161156631911633,0.025214235016765247,0.4176000162241205,0.29750666946960935,0.010638587869343021,-0.24006464565906233,0.1550067103694105,0.2626047665855036,-0.1117321316160011,-0.06353449950547692,0.23696075500267094,0.19833521681634816,0.03661797825424414,0.011237258046961948,0.1824004492203392,0.04717826245519771
sub-33,0.10910501983154879,-0.19111436840989157,0.34207032508635715,0.27998306403681245,0.040144672395376176,0.11827991884742577,0.23826738053040528,0.18585379234922672,-0.12158882184598448,-0.024021699418030285,0.17770983244115238,0.2772159194587866,-0.004038862254749787,-0.08283583699083495,0.2476872637331589,0.10157551090124664
sub-34,0.05346248949688658,0.041876632533007725,0.5617758778976301,0.08136958814009289,-0.3228972980298778,-0.06253777597307743,0.43313248413688504,0.37472169457352694,-0.2821688777597525,-0.034555312617906925,0.34761345055410675,0.3577501939945216,-0.06251538217439193,-0.07351424007160205,0.24785105329700788,0.08002345749815629
sub-35,0.12384060548657715,-0.07073506699446794,0.47037798225399285,0.22998006719521225,0.003537479565519295,-0.12077484020255191,0.29581930053346317,0.27293969575440474,0.04669014733707964,-0.17637990909290738,0.4705272359048264,0.28501736304124853,-0.40772872967945667,-0.06040897245360163,0.2655895750322148,0.4301596094057829
sub-36,0.11883310756485867,-0.19760612781389747,0.23828427006519162,0.18784507015816643,-0.253767313883206,-0.11513342664764398,0.2598738305055622,0.302722530299035,-0.17328104971707117,0.011134471955863012,0.34307901153767784,0.2558386192182811,-0.015493815526430761,-0.07066530992016426,0.24023824428123863,0.052007789415515746
sub-37,0.06956188602869752,-0.0028621025852279543,0.37117156509999283,0.09670285224652247,0.22430747179054297,-0.05162907563518227,0.2643284849419826,0.31474159286768555,-0.1994642357298936,-0.11924201547951116,0.42765776436378644,0.18670908937752329,-0.03149233757755068,0.15259307274436756,0.16450138492697672,0.10832646017683739
sub-38,-0.06326081600760054,0.2732986713930251,0.24434427787629479,0.30374567320996665,-0.19769519688819337,0.4252344951812112,0.19731476368696782,0.5020723082847892,-0.017103261390502944,0.3613149702469616,0.17985028487968774,0.3312341544632116,-0.0638697941685254,-0.07371142880208462,0.1980418706296922,0.1694474406820166
sub-39,0.1903344272438229,-0.038190188092026796,0.4599727345778214,0.36358808166069534,0.2441994606831057,-0.0462547167091971,0.2369212353710689,0.2710861652117877,-0.10416590058033035,-0.11721128362766778,0.3336579303113758,0.13799450689971837,0.09315916877114426,-0.08636794917105092,0.2717569691145608,0.1775884434751903
sub-40,0.029694806455021736,0.02350568771125562,0.5414499325676293,0.12701767691450971,-0.08387150790192847,0.11611706353125072,0.4012628918812477,0.2095702000712411,0.04041453587616332,-0.07764345355901836,0.1911015842537677,0.09049805091320458,0.05089032862838417,0.0346112171051234,0.19775015702352902,0.1564369594703699
sub-41,-0.08395597366952547,-0.09432528958623651,0.42597782138303836,0.1303195282664199,-0.05117188682304204,-0.041188363942876324,0.2731832011668634,0.3216331233441616,-0.19906234219140492,0.025582534370333965,0.3806471954493546,0.3427257533369623,-0.2755576727078137,0.009685924036510654,0.2516114322700674,0.3202405466383697
sub-42,-0.24107455189342603,0.056261016275530526,0.3464407247815727,0.31827547248650456,-0.2565949016783308,-0.0035376957626689497,0.28869438954893445,0.3926996211650068,-0.05984907527581196,0.008491076927413821,0.21542449074167352,0.11827723382677499,0.04243168571169076,0.02492160563014479,0.1926759992563613,0.1289355155513618
sub-43,0.13032506148353046,-0.17904537655288977,0.3226408121978811,0.2298989603875252,-0.21946860412779157,0.02330580510282096,0.33587037913299417,0.2616713792716384,0.008992397981522642,-0.08314187839773599,0.22324184246289028,0.1798609862779558,0.0398500402934272,-0.04467522803802379,0.25143734954640035,0.14122234218607962
sub-44,-0.14767182009358898,-0.12129443996589835,0.271667682842721,0.22516407212629602,-0.2592563610858925,0.002501899877997918,0.1965776041250154,0.29960082051004977,-0.26611446246448955,-0.09730485629996177,0.1494523445388372,0.3024903735092951,-0.14174199387035083,0.22460945385067807,0.3104008432090558,0.25962061567053185
sub-45,-0.04272660246045857,-0.13534848482253234,0.27331974298669526,0.17077147885207827,-0.06536386966826488,-0.060173213408721164,0.300061603843499,0.14181286250869438,-0.24858824624929757,-0.05038983931958656,0.2558676334252302,0.2819988068328908,0.021722859944408323,-0.06115547070218992,0.20710750702497355,0.09940447659977589
sub-46,-0.08873548214833217,-0.1303443086623964,0.26075147548030264,0.2575393631856719,-0.2320646519859834,-0.016101855457256092,0.2475209261055813,0.29036590201672074,-0.2130924380404503,-0.125863857445812,0.20559317406059807,0.28422517638591976,0.09499376453771663,-0.031001207571685847,0.16758013230774976,0.12149216494678938
sub-47,0.0684223324106613,-0.08852926574220106,0.3127260454622983,0.1256535379768471,0.04378019573380264,-0.027110713974104826,0.2986853763500944,0.11525367630419567,-0.2975482227823316,-0.041024912389954926,0.2103641530473293,0.43300861919343964,-0.1123397005944532,0.1873939577850334,0.22029289677088698,0.2398482458033064
sub-48,-0.07426746577902309,0.06602552150435351,0.4178082713073206,0.15547313367267931,0.014635223801518011,0.11639911627764568,0.3099174779120071,0.1691924620898853,0.12167311001842775,0.16537256422369084,0.2930098090991565,0.1707657911470513,-0.015951598034925185,-0.017998758402216618,0.22559450233116235,0.0938177769625223
sub-49,0.068397742974612,-0.08855867156543586,0.3127557502198235,0.12564652040483887,0.043777538258789515,-0.027089924824713396,0.2986856874674412,0.11525059991848689,-0.29755058317592453,-0.041022652621587344,0.21036781494272172,0.4330060057198052,-0.11233745531352218,0.18738179122903303,0.22029230525636634,0.23983090802808354
sub-50,-0.04336345016985264,0.054634127110476965,0.37344200891963425,0.11264626680177728,0.10786739808987947,-0.01491397929696067,0.26010358784631826,0.13545553195127885,-0.05317658870066119,0.13522247736087933,0.23938743629808934,0.26331665881256144,-0.030672828822169363,-0.04016469182260127,0.1446013331344477,0.08800089764932628
