subject_id,all_AI_delta_F3F4,all_AI_delta_C3C4,all_AI_delta_P3P4,all_AI_delta_O1O2,all_AI_theta_F3F4,all_AI_theta_C3C4,all_AI_theta_P3P4,all_AI_theta_O1O2,all_AI_alpha_F3F4,all_AI_alpha_C3C4,all_AI_alpha_P3P4,all_AI_alpha_O1O2,all_AI_beta_F3F4,all_AI_beta_C3C4,all_AI_beta_P3P4,all_AI_beta_O1O2,all_pdBSI,all_DAR,all_DTABR,n_epochs_all,left_hand_AI_delta_F3F4,left_hand_AI_delta_C3C4,left_hand_AI_delta_P3P4,left_hand_AI_delta_O1O2,left_hand_AI_theta_F3F4,left_hand_AI_theta_C3C4,left_hand_AI_theta_P3P4,left_hand_AI_theta_O1O2,left_hand_AI_alpha_F3F4,left_hand_AI_alpha_C3C4,left_hand_AI_alpha_P3P4,left_hand_AI_alpha_O1O2,left_hand_AI_beta_F3F4,left_hand_AI_beta_C3C4,left_hand_AI_beta_P3P4,left_hand_AI_beta_O1O2,left_hand_pdBSI,left_hand_DAR,left_hand_DTABR,n_epochs_left_hand,right_hand_AI_delta_F3F4,right_hand_AI_delta_C3C4,right_hand_AI_delta_P3P4,right_hand_AI_delta_O1O2,right_hand_AI_theta_F3F4,right_hand_AI_theta_C3C4,right_hand_AI_theta_P3P4,right_hand_AI_theta_O1O2,right_hand_AI_alpha_F3F4,right_hand_AI_alpha_C3C4,right_hand_AI_alpha_P3P4,right_hand_AI_alpha_O1O2,right_hand_AI_beta_F3F4,right_hand_AI_beta_C3C4,right_hand_AI_beta_P3P4,right_hand_AI_beta_O1O2,right_hand_pdBSI,right_hand_DAR,right_hand_DTABR,n_epochs_right_hand,nihss_raw,severity_class,wPLI_delta_GlobalEff_AI,wPLI_delta_ClustCoeff_AI,wPLI_delta_MeanHomotopic,wPLI_delta_FrobeniusDist,wPLI_theta_GlobalEff_AI,wPLI_theta_ClustCoeff_AI,wPLI_theta_MeanHomotopic,wPLI_theta_FrobeniusDist,wPLI_alpha_GlobalEff_AI,wPLI_alpha_ClustCoeff_AI,wPLI_alpha_MeanHomotopic,wPLI_alpha_FrobeniusDist,wPLI_beta_GlobalEff_AI,wPLI_beta_ClustCoeff_AI,wPLI_beta_MeanHomotopic,wPLI_beta_FrobeniusDist
sub-01,0.0890950348720117,0.11308470005971,-0.1519810329462903,-0.041842484704276,0.0205256331503638,0.0764651440572089,-0.1289772607617452,0.0165510208760457,0.0669464139716256,0.0440680020854025,-0.1014275993266558,-0.0145622214010276,-0.0317405894697715,-0.044044485317412,-0.2051176850020082,-0.1792563772489491,0.1578277407634213,7.284274372000359,6.657990151664678,39,0.1135526236429545,0.1386247100336653,-0.1997194180372881,-0.0417688355589582,0.0597866349343418,0.0532732172587052,-0.1608562140403086,0.0245347599009164,0.0607156164013832,0.0054298374224942,-0.1349369314928429,-0.0407794249062008,-0.0530857284375706,-0.0489579121660367,-0.2331884465009001,-0.2193749153007875,0.1662879209464967,7.83264541716383,6.92182775933089,20,0.0633502045868086,0.0862004790344939,-0.1017301012715557,-0.0419200101204001,-0.0208017371485604,0.1008776985819497,-0.0954204678369416,0.0081470850603923,0.0735051482560913,0.084739754362148,-0.0661546180990905,0.0130348349202072,-0.0092720221352461,-0.0388724570557017,-0.1755695150031747,-0.1370263371943824,0.1489222879391314,6.7070416928809165,6.380266354121298,19,11,moderate,-0.05478937370346889,-0.04676204999524965,0.2874142182969086,0.17109932132297864,-0.12734726544087815,0.2756762063918815,0.2426079176240981,0.2557138839620106,-0.29496586917292367,0.03655377882797732,0.23633529542400758,0.36753573698468234,-0.027936600571217007,0.05947349051998531,0.29090776277137975,0.21211374546138273
sub-02,-0.1165668982003548,0.0389153069158984,0.2360387866757136,0.0905675755328924,-0.0364116313538192,0.1497342343520234,0.1535382153228689,0.0376948793382993,-0.0306798694170832,0.1745776694764785,0.2132787049676386,0.0461277047114913,-0.3230667987563193,0.055880195713446,0.1236315033429899,-0.0570334242124988,0.1815244844914636,4.383180679239196,3.5139780866911647,37,-0.0958911150483655,0.0643303619007209,0.2535069365543645,0.1032706800859137,0.0041838375052495,0.1342783463539825,0.2024817334727126,0.0613293435037925,-0.0562560875332455,0.1539865175943187,0.2500436605973183,0.0476134978371831,-0.3252719507937937,0.0519829987741316,0.1583788207555778,-0.0394924996994393,0.1842379397424137,4.546754918221104,3.523738967878314,19,-0.1383913359718991,0.012088304431919,0.2176001840260265,0.0771587429491478,-0.0792624040383917,0.1660487827943998,0.1018756128313671,0.0127473893858343,-0.0036827502944673,0.1963127742409804,0.1744712518029767,0.044559367523261,-0.3207391382723183,0.0599939035938334,0.0869537794074805,-0.0755488445318394,0.1786602817265718,4.21051898253607,3.5036749343269524,18,3,mild,-0.17530798107810888,-0.13947849714719202,0.39435756136068845,0.32318569134754055,0.17977082455025067,0.06058106988998264,0.2635578257338646,0.1914585277734617,0.07710150443158961,0.006747584463408526,0.2989262190979911,0.11071550364572337,-0.2490655727294127,-0.12803359952673193,0.1920624292251042,0.27289366192130293
sub-03,0.0170473916628499,0.2815487171482148,-0.0220986806622128,0.0558188686809626,-0.0320125879921487,-0.0214347269185833,-0.2232407876457871,-0.0975175427807874,-0.0701850281318265,-0.1339605402253269,-0.2816884105247211,-0.0705080437643768,-0.1198803263366144,-0.1515785568224586,-0.1214290406333037,0.1417717259834593,0.2028034827083023,2.513380750204793,2.3942640847591328,37,0.0025326633458473,0.2198541026003438,0.094934798263827,0.0611226467084722,-0.0607877433922411,-0.0152089664039861,-0.2091013119226627,-0.106434115427996,-0.0556587970218717,-0.1194214714691708,-0.2521836417178365,-0.0438520719432474,-0.1243630753804902,-0.134382116477595,-0.1057422586077361,0.1505713950841304,0.203591844351943,3.3460352076934217,2.852533666990516,18,0.0307981869105366,0.3399962467198821,-0.1329725028026718,0.0507942368654273,-0.0047519144552191,-0.0273328158271491,-0.2366360804361154,-0.0890702634308003,-0.08394672076231,-0.1477343948364221,-0.3096402967628223,-0.0957610697001835,-0.1156335114529426,-0.1678699213596977,-0.1362902025522624,0.1334351973617709,0.2020566137827479,1.724550211531355,1.96011395422414,19,3,mild,-0.16910373174639123,-0.0628578216069542,0.4035812557269516,0.270542101012978,-0.09619581849878787,0.04984207410261118,0.25699538350081674,0.21008814722559846,-0.04631918473716418,0.20119062816405306,0.3718364871671271,0.18367067738709095,-0.06069651273600457,-0.06323770045939443,0.21440352489493214,0.11325600765452863
sub-04,0.1224881501537226,0.1178498411010351,0.1262837650855451,0.2181180951405039,0.186587232103784,0.154760539978448,0.2432391242479863,0.1988952934001748,0.1256141307332677,0.1222947349573308,-0.0157829479418511,0.1182692702160747,0.1895368454383314,0.1456840042316879,-0.0052368088656715,0.2144389700533666,0.1956879965232484,3.4237200043244456,3.780544436182687,40,0.1435088851076632,0.111321181172788,0.1726093955549469,0.2180209379431516,0.146428832197275,0.0890908221164422,0.2248531956531803,0.1902775012093548,0.1597764722250441,0.1083412027185135,-0.0721801566496517,0.0852785961213882,0.1964704510736485,0.1255716913588573,-0.0137499333454038,0.2173331726599455,0.193645436244203,2.982410168429176,3.495507613910953,20,0.101467415199782,0.1243785010292822,0.0799581346161432,0.2182152523378563,0.2267456320102931,0.2204302578404536,0.2616250528427924,0.2075130855909949,0.0914517892414913,0.1362482671961483,0.0406142607659493,0.1512599443107612,0.1826032398030142,0.1657963171045184,0.0032763156140607,0.2115447674467877,0.1977305568022939,3.8650298402197145,4.065581258454423,20,6,moderate,0.16155465663750623,-6.0235291860359504e-05,0.39649332209741245,0.22342692507777698,-0.20503231025470225,-0.042102658027597474,0.3717682772275777,0.29293141456820315,0.09451573772463982,0.013297272627215865,0.43019387285017296,0.23289692336325957,0.03790507149675933,0.08900673786366693,0.2043368655953096,0.1660008424795851
sub-05,0.1224881501537226,0.1178498411010351,0.1262837650855451,0.2181180951405039,0.186587232103784,0.154760539978448,0.2432391242479863,0.1988952934001748,0.1256141307332677,0.1222947349573308,-0.0157829479418511,0.1182692702160747,0.1895368454383314,0.1456840042316879,-0.0052368088656715,0.2144389700533666,0.1956879965232484,3.4237200043244456,3.780544436182687,40,0.1435088851076632,0.111321181172788,0.1726093955549469,0.2180209379431516,0.146428832197275,0.0890908221164422,0.2248531956531803,0.1902775012093548,0.1597764722250441,0.1083412027185135,-0.0721801566496517,0.0852785961213882,0.1964704510736485,0.1255716913588573,-0.0137499333454038,0.2173331726599455,0.193645436244203,2.982410168429176,3.495507613910953,20,0.101467415199782,0.1243785010292822,0.0799581346161432,0.2182152523378563,0.2267456320102931,0.2204302578404536,0.2616250528427924,0.2075130855909949,0.0914517892414913,0.1362482671961483,0.0406142607659493,0.1512599443107612,0.1826032398030142,0.1657963171045184,0.0032763156140607,0.2115447674467877,0.1977305568022939,3.8650298402197145,4.065581258454423,20,4,mild,0.16155465663750623,-6.0235291860359504e-05,0.39649332209741245,0.22342692507777698,-0.20503231025470225,-0.042102658027597474,0.3717682772275777,0.29293141456820315,0.09451573772463982,0.013297272627215865,0.43019387285017296,0.23289692336325957,0.03790507149675933,0.08900673786366693,0.2043368655953096,0.1660008424795851
sub-06,0.0266818070127291,0.1755185187272469,-0.096438160265622,0.1581981983792222,0.0351527649391102,0.0284614390896308,-0.1547165354240026,0.0515129260603473,-0.0147666063733546,-0.0110348559684362,-0.184682233598837,-0.0018504733253052,0.0353166036900619,0.0262507496258679,-0.0700277807670391,-0.0352679328202393,0.1623417412270514,1.2767212750943142,1.6143739005156992,15,0.0516078167677027,0.1962865474082485,-0.1473638683911128,0.1743865298567291,0.0328434101872131,0.0373417624021255,-0.1272305709904971,0.0817113849756606,-0.0231634423881256,0.0073299281183598,-0.2011087839964842,0.0064459008357362,0.0071064434808991,-0.0115583760940015,-0.1126187073752423,-0.0473893737427193,0.1624605943177643,1.6942403717216827,2.0407696313173744,9,-0.0107072076197312,0.1443664757057446,-0.0200495980773858,0.1339157011629618,0.0386167970669559,0.0151409541208889,-0.195945482074261,0.0062152376873774,-0.0021713523511981,-0.0385820320986303,-0.1600424080023662,-0.0142950345668675,0.077631844003806,0.082964438205672,-0.0061413908547343,-0.0170857714365194,0.162163461590982,0.650442630153261,0.9747803043131864,6,3,mild,0.04478744016481085,0.21621104115138698,0.3842915160292216,0.15477540471574142,-0.21104381838600525,-0.14198680824864574,0.1923764312991261,0.25839837489234013,0.11712021030204321,-0.03905757368042767,0.3356586351811294,0.15160437658536055,0.14299485720093255,0.03309514737911675,0.22820394018101475,0.1495921370968853
sub-07,0.1101698155118913,0.050063169977827,-0.3053692469651735,-0.0824968545204999,0.0221617551320461,0.0239572371315898,-0.416504713415701,-0.0694248760735405,0.0236045443677219,-0.036419131349298,-0.2426380227374854,-0.0098811261981169,0.0869589698517224,-0.0276082969988878,-0.3103372440893895,0.0150190674951303,0.2016773370051232,3.0470308327030327,2.655729180303368,40,0.1132663308026051,0.0551676622740356,-0.238618464334784,-0.0524349622807381,0.0432131148989053,0.0438495429566065,-0.4049150657359634,-0.0691987904082755,-0.012255901287697,-0.0763260451927283,-0.2064263119568799,0.0068828101710825,0.134103504338174,0.0535851443581164,-0.3131975070247186,-0.0108730399612848,0.2073803095583606,3.461753607750551,2.732580361764559,20,0.1070733002211775,0.0449586776816184,-0.372120029595563,-0.1125587467602617,0.0011103953651869,0.004064931306573,-0.4280943610954384,-0.0696509617388054,0.0594649900231409,0.0034877824941323,-0.2788497335180909,-0.0266450625673163,0.0398144353652707,-0.1088017383558921,-0.3074769811540604,0.0409111749515455,0.1959743644518857,2.632308057655514,2.5788779988421764,20,2,mild,-0.24621347855192494,-0.026000679906856634,0.2341138352673965,0.34804347684367654,0.013381600172869351,-0.13133239433776261,0.37211673860123373,0.12379774968195799,-0.047297586380022856,0.05805920798781222,0.220880422315123,0.12646523487266306,0.0015679427805082476,-0.021667912841130628,0.19679793193124798,0.05338796954607106
sub-08,0.1065465400146678,0.2646972758486352,0.5530550751557358,-0.2067757232635932,0.0902540352306035,0.2283757803928708,0.3354995625559329,-0.0452133638741807,0.0744471490016054,0.1843691489661732,0.227314093987283,0.0855423048300699,0.1930615856116741,0.3766677133086998,0.326331112835704,0.191425561616081,0.261900889142553,9.895909432567263,7.72879455981445,23,0.1787386717599046,0.2132087090913434,0.5322214835372255,-0.167679619150546,0.0772224921900626,0.1955588760168497,0.3404684980754349,-0.1053025133981087,0.138476503170999,0.2266042013543988,0.2743243732170935,0.0783839990650027,0.175952488613587,0.3624384256793494,0.3129948757395277,0.191128978729187,0.2717870065676644,8.489920161996734,6.953200552006876,12,0.0277914872016821,0.3208666214020443,0.5757826296486562,-0.2494260186596446,0.1044702640021026,0.2641760397121664,0.3300789056255672,0.0203384356064678,0.004596944453176,0.1382945463608363,0.1760301530093079,0.0933513656646886,0.2117260550641328,0.3921905725407182,0.3408797351224418,0.1917491065836019,0.2511160337697043,11.42971590955329,8.574897113786344,11,3,mild,0.2053493193284515,0.0512316295333179,0.48086388775191885,0.22893805747107632,0.24397228727879605,-0.06566072793719417,0.23399071825571766,0.284764602771081,0.08803074645777671,-0.038893772142478224,0.19978222494679612,0.1876377002857438,-0.028790118475009143,-0.10577949765203915,0.1773245814298221,0.10857413120388777
sub-09,-0.038615060870419,0.0994537656023909,-0.0419860361920522,0.0226397655139369,0.0564302900336334,0.1634190379851381,0.0824842046214799,0.0811391680853183,0.0017936502663066,0.0517501586782575,0.0483253312860943,0.0098778932024053,0.0192735001603023,0.1329137245454722,0.2576016104259906,0.0536668253757494,0.1588846786912857,2.5532941496701254,2.3801886302877087,40,-0.0645725367616111,0.0222105651282439,-0.0002636345807474,0.0079180692742212,0.067882458211143,0.1375638148403218,0.0916429576251708,0.0902294947422583,-0.0621072218801627,0.0199645519904227,0.0806590887968935,0.0388829750395508,0.01289141697669,0.1273281907333101,0.2679608378353513,0.0525141491282343,0.1533930228120099,2.775823537989104,2.545398649759543,20,-0.0126575849792269,0.176696966076538,-0.0837084378033571,0.0373614617536527,0.0449781218561238,0.1892742611299543,0.0733254516177889,0.0720488414283783,0.0656945224127761,0.0835357653660923,0.0159915737752951,-0.0191271886347401,0.0256555833439146,0.1384992583576342,0.2472423830166299,0.0548195016232645,0.1643763345705615,2.3307647613511464,2.2149786108158738,20,6,moderate,0.05591176192534311,0.03678566201828673,0.23117278756210136,0.1977029159607044,-0.10896731087955926,0.0896964499581226,0.22813426974909715,0.19070406812611188,-0.0334734916474244,-0.02423908373119705,0.33146778680321864,0.11495870483445837,0.09953168687323101,-0.18268424312526385,0.2679822270435166,0.1847704652091653
sub-10,0.175641458173219,-0.0338516159401668,-0.0646603234423913,0.0186274308186889,0.0826227401485163,0.1026536838509015,-0.0843730971791528,0.1044910411804335,0.011027123358797,0.1441112483727314,-0.0745379539257344,0.0797620658016495,-0.0001549294311957,0.0459083602128871,-0.0559317076686604,0.1136803369678308,0.1554960481592081,6.999513194311405,5.83381006532902,40,0.187795335363136,-0.0852125186019745,-0.1066895055366006,0.026712511540469,0.1083374386144772,0.1225736109526229,-0.1308216583093047,0.117942283074428,-0.0057644172298704,0.0905824277857133,-0.0600896764228092,0.1055647789413666,0.0130360401867171,0.0741918579244402,-0.0133994577595059,0.120551055626637,0.1562730141404747,7.172586603828184,6.123771658596087,20,0.163487580983302,0.0175092867216409,-0.0226311413481819,0.0105423500969088,0.0569080416825552,0.08273375674918,-0.037924536049001,0.091039799286439,0.0278186639474646,0.1976400689597496,-0.0889862314286596,0.0539593526619325,-0.0133458990491085,0.017624862501334,-0.0984639575778148,0.1068096183090245,0.1547190821779414,6.826439784794628,5.543848472061952,20,3,mild,0.09290986415263268,0.06425840067247292,0.27236615922316343,0.16494549330337907,-0.37791576353369677,-0.13229237571720795,0.30219950335560514,0.3830444795357929,-0.15867928243614504,-0.06889848590377604,0.3964203933268882,0.17484110807116732,-0.10843350315051714,-0.037897749801472876,0.2557150867459458,0.18586993236213345
sub-11,-0.0461927802670029,0.2626697243337428,0.0364750995872924,0.0633815227440301,-0.0834634041545414,0.01115850972074,-0.0137706488328341,0.0631542566451197,-0.0833038687880562,-0.0075791163037768,-0.0781166942696943,-0.027673262777009,-0.3392703031685624,0.0081583235542938,-0.0431319769955526,-0.2777439932414276,0.1783882177480353,4.590787121784141,4.94363614277683,39,-0.0484623178555351,0.3508501366482311,0.0057288465856345,0.0683813122614302,-0.0677277111741138,0.0173417026714343,0.0070298045931763,0.0566281090576709,-0.1489686216418793,-0.0231104513800552,-0.0490825320253634,-0.0090341113237833,-0.3123456035278056,0.0257617522746169,-0.0188764373532056,-0.2858868131914173,0.1775995663929196,4.6015443889736245,4.940131504802998,19,-0.0440367195578974,0.1788983326349789,0.0656840399388675,0.0586317227025,-0.0984123124859476,0.0052844764175804,-0.033531079587544,0.0693540968531961,-0.0209223535769244,0.0071756520186876,-0.1056991484018087,-0.0453804566575735,-0.3648487678272815,-0.0085649337300131,-0.0661747396557824,-0.2700083142889374,0.1791374365353952,4.580567717954132,4.94696554885197,20,5,moderate,-0.01809603404396588,0.14903770402236577,0.26210685274053713,0.28988792475381964,-0.05622362827269863,-0.005071821133977277,0.22928446232764021,0.1356493102336035,-0.10574951331074567,-0.13123941739534417,0.2897050673293039,0.23932099677095928,-0.007939794006095825,0.027624177045975223,0.5627335795547275,0.043638216881663416
sub-12,-0.2625126584342916,-0.7697762300702308,-0.0608009922684476,-0.121736752594447,-0.2359481544355781,-0.2986068205368533,0.0013519085017832,0.0269439234605235,-0.1698170051930033,-0.0895592919901839,0.0519114150071911,0.0113129620011642,-0.1283556738747237,0.0155368122304254,-0.002106618106858,0.004225253205728,0.2140825138493282,10.897902963639812,8.18139093252557,39,-0.3140603160593116,-0.7910422928772652,0.0018629768721571,-0.0306371348251632,-0.2765718090296133,-0.3295937470192354,-0.0240593696898127,0.0419654502921945,-0.1275186281291906,-0.0849608660825385,0.0821086964646052,0.0191801569161972,-0.1319056935073687,0.0497278814223181,0.0071953718108435,0.002591218080065,0.2166817272152468,10.378921344079243,7.716321979628861,19,-0.2135423836905227,-0.7495734704035478,-0.1203317629520222,-0.2082813894752667,-0.1973556825712446,-0.2691692403785904,0.0254926227837994,0.0126734729704361,-0.2100004634036254,-0.0939277966024471,0.0232239976226478,0.0038391268318828,-0.1249831552237109,-0.0169447035018725,-0.0109435085286745,0.0057775865751079,0.2116132611517056,11.390935502222352,8.623206437777437,20,1,mild,-0.1097523729577997,0.10461005666238925,0.23679116371031583,0.20864795391265364,-0.025241171283967724,0.015690803007520335,0.24490896344287286,0.07797230577148634,0.016050739539832434,-0.1251409552269807,0.22258571397722626,0.17373290860635643,0.11134410800522666,-0.06752919768019573,0.17554627841549428,0.13698260756300873
sub-13,-0.0098761587731686,0.0735197902313045,0.0351515201258368,0.4742422663169052,-0.0316038974910956,0.1070748142785854,0.1287844070151936,0.5086597834731711,0.1297068373657548,0.1985219818302439,0.3093492399727821,0.5999444916991481,-0.0225770218675701,-0.0073215249423227,0.1642199926369919,0.5549920479615668,0.2440973927076043,7.406093596353827,7.213514078290259,4,-0.3094754779724996,-0.148167926431107,0.2578943357363589,0.3926275728381532,-0.1705064032092649,0.1576903481431076,0.0993028519016589,0.3592031487901669,0.0962423193800869,0.2662501955997935,0.303548513237685,0.6853891266425874,-0.0820296592711,-0.0236303205054218,0.0837897950815119,0.7019169432402648,0.2586040586237981,11.25349510570216,9.99707226660984,1,0.0899902809599416,0.1474156957854418,-0.0390960850776704,0.5014471641431558,0.014696937748294,0.090202969657078,0.1386115920530385,0.5584786617008392,0.1408616766943108,0.1759459105737274,0.3112828155511478,0.5714629467180018,-0.0027594760663935,-0.001885259754623,0.1910300584888186,0.5060170828686675,0.2392618374022064,6.123626426571048,6.285661348850398,3,9,moderate,-0.0973083364835854,0.005206172004454598,0.5527903315175738,0.10766714262150043,-0.15011591760668866,-0.04741571354396527,0.5965760468600392,0.17439064260075535,-0.09486916599151043,-0.02151661980134108,0.6221979666517543,0.10531892195455335,-0.06792935328298794,-0.07666902594466005,0.6747916710618546,0.10088607142341467
sub-14,0.0332955996489151,-0.205299469199004,-0.1216830649466947,-0.1041480596570598,0.1075363075374904,-0.1147826332073345,-0.0587103046298197,-0.0477853257595618,0.16191949640055,0.1175653674484202,0.0131572954393408,-0.0154651645353162,0.4012606260608946,-0.1306267334710601,-0.0999852462398313,0.0121693881626737,0.1772031119228989,1.7965321391027893,2.1228577017333685,40,0.005604356578683,-0.1833436045605737,-0.0907277849774426,-0.0752097571872827,0.1026234443672886,-0.1507362779780229,-0.0286296215874931,-0.0424138608056487,0.1514189525788116,0.092181911389895,-0.0034391468903036,-0.0111882879222159,0.3992310370150419,-0.1402395390536412,-0.0768539543625476,0.009113999648682,0.1717753421682206,1.6480739404532136,1.989332215135944,20,0.0609868427191471,-0.2272553338374343,-0.1526383449159467,-0.1330863621268369,0.1124491707076923,-0.0788289884366461,-0.0887909876721462,-0.0531567907134749,0.1724200402222884,0.1429488235069453,0.0297537377689854,-0.0197420411484166,0.4032902151067474,-0.1210139278884791,-0.1231165381171149,0.0152247766766653,0.1826308816775771,1.944990337752365,2.256383188330793,20,2,mild,0.22633326991090968,-0.00987396900020872,0.287210830064686,0.239499067441155,-0.224297012881098,-0.06814488864509415,0.17452518069014683,0.289146645910847,-0.15189146695417635,0.04899726311293752,0.25598103882540774,0.23934586149662493,0.014110779637515437,-0.06036421734177526,0.13622231190696546,0.1055462234091514
sub-15,-0.0461980759677468,0.2626669455067512,0.0364849978601557,0.0633838189302482,-0.0834556089768097,0.0111586132630057,-0.0137702867015913,0.0631550431878093,-0.0832958048507004,-0.00757468487992,-0.0781152061812577,-0.0276649999038667,-0.3392691255162018,0.0081612130342909,-0.04313596210694,-0.2777354685851942,0.1783896467866363,4.590788284206072,4.943642016005278,39,-0.0484668140885851,0.3508582753348904,0.0057429116435783,0.068383663247563,-0.0677165807036327,0.0173326652570995,0.0070298763454694,0.0566327993418703,-0.1489574742187179,-0.0231142866068274,-0.0490842421268021,-0.0090358486132741,-0.3123341877325455,0.0257744677127714,-0.0188818113664678,-0.2858749884267069,0.1776019384058253,4.601578010830233,4.940166247828212,19,-0.0440427747529505,0.1788851821700189,0.0656899797659042,0.0586339668287991,-0.0984076858363279,0.0052932638686166,-0.0335304415962991,0.0693511748414515,-0.0209172189510838,0.0071879367606419,-0.1056946220329906,-0.0453626936299297,-0.3648573164106751,-0.0085713789102654,-0.0661774053103886,-0.2700029247357574,0.1791379697484067,4.580538043913117,4.946943995773488,20,7,moderate,-0.01800461406600034,0.1492057377273871,0.2621169412697062,0.2898778977833335,-0.056216734577748,-0.005099171774420563,0.22927849657431187,0.13563909161224424,-0.10575728923421354,-0.1312668924837589,0.28970957110281986,0.2393057170886685,-0.007935612259929382,0.027637789882958314,0.5627336692179484,0.04364357473161989
sub-16,-0.2612818484152398,-0.2814530724906678,0.2448392433919693,-0.3275452249668523,0.0430068120241178,-0.0675944207918203,0.4548016654992106,0.0795548135512388,-0.0280584766930941,-0.1125062748783118,0.1728809689643983,0.0362979474996566,0.0716269237500093,-0.046657792449683,-0.1065621067553483,-0.0535512524380817,0.2319190949552254,7.815038008977831,8.898792621331541,26,-0.2706640038654277,-0.3309979514748976,0.279281466104037,-0.3359913470299897,0.0354836613300324,-0.0473632816917672,0.4837170840678025,0.0897329633668792,0.0014006330982614,-0.0924424752575817,0.1860480205711983,0.0820706406886331,0.1210857090248589,-0.0137054592012362,-0.1440522488463277,-0.0488684092643479,0.2369392333474631,7.4257969718076495,8.710709761546608,14,-0.2503360003900204,-0.2236507136757331,0.2046566502278903,-0.3176914158931922,0.0517838211672174,-0.0911974164085489,0.42106701050252,0.0676803054329916,-0.0624274381163422,-0.135914041102497,0.1575194087564651,-0.0171035278874826,0.0139250075960182,-0.0851021812395376,-0.0628236076492057,-0.0590145694741046,0.2260622668309481,8.269152552343042,9.118222624413962,12,4,mild,-0.044441383703883966,-0.05198405166054062,0.5338656397268011,0.11823173570964642,-0.05654850356818321,-0.11741493206852562,0.5202818138820693,0.2480813512396597,0.08473201964513508,0.07346967346960913,0.4198190457107921,0.2036816429282618,-0.020859069294146455,-0.06447184297685082,0.2866518448675778,0.10759761203593582
sub-17,-0.0666783631524484,-0.1417021232602527,-0.0433645930858646,-0.037216603033277,-0.0992158101717233,-0.2335883539352293,-0.0736668549536059,-0.0335912539917043,-0.0178580805533415,-0.0826383994233183,-0.1562216723765064,-0.0167875866664807,-0.2527493988626759,-0.1113485350359406,-0.1901045929668742,-0.0145551892982888,0.189838428024112,2.378386786763779,2.4704770728649907,39,-0.089365408270377,-0.181587158196335,-0.0697264531091766,-0.0365682817458665,-0.123080719449321,-0.2221246732415279,-0.099722782274579,-0.0110398588732127,-0.0726552157878396,-0.1690559583692948,-0.2240941555319889,-0.0355116607128838,-0.2532771911191092,-0.111208767301875,-0.2075660294453381,-0.0461638246596782,0.194689872077281,2.6941142348252223,2.719493754850081,19,-0.0451256702904163,-0.1038113400709745,-0.0183208260637182,-0.037832508256317,-0.0765441463580056,-0.2444788505942456,-0.0489137239986815,-0.0550150793542714,0.0341991979194316,-0.0005417184246406,-0.0917428133787979,0.0010002836776022,-0.2522479962190643,-0.1114813143833029,-0.1735162283123335,0.015473014295031,0.1852295561736016,2.078445711105408,2.233911224979156,20,3,mild,-0.07621034606176595,-0.1392981638306183,0.17904380458792082,0.12195304354282734,-0.23176230614231022,-0.12008824619676657,0.201009223276725,0.25617592046018367,0.07105301678562732,-0.18623597554746207,0.25734535907980194,0.3523686355785488,-0.19460871477152147,0.03837683928522685,0.24276917680162444,0.2392792368768229
sub-18,0.24767078306835,0.1019668252701634,-0.0404906654669666,0.3682917192624286,0.152113908988258,0.0469289893540451,-0.159751436551368,0.1950811528396695,-0.0655491914454868,0.1815529268805377,0.0370840345839251,0.2700014686165185,-0.2239938719199987,0.067195980243604,-0.0099526618197573,0.3665560085806291,0.2309970126679472,15.585911519950471,11.4301323333241,36,0.2014658702460051,0.0711064504623825,-0.2192650070278904,0.3306191502240379,0.1325697758042508,0.0472756144608301,-0.1781899662268992,0.205777114689393,-0.0991251441190327,0.226155638313552,0.069059426626132,0.2852176410663526,-0.2445139819851122,0.1172072361216063,0.0171343263766155,0.3747681168491093,0.2383160989536882,14.011463954693216,10.565366823915951,17,0.2890120208567638,0.1295787395718621,0.119465324350702,0.4019987547178307,0.1696007649950013,0.046618851100606,-0.1432538047364191,0.1855110817109696,-0.0355075495796826,0.1416452377036302,0.0084744732830031,0.2563869985298249,-0.2056337734406867,0.0224490670896019,-0.0341883881007225,0.3592083327614627,0.2244483565175474,16.994627762549072,12.203869894373495,19,10,moderate,0.01815912027090509,6.520886292529488e-05,0.401273171769751,0.1916150355100443,0.00909532059311618,-0.049566522485251924,0.39932471430534355,0.11788222290268908,0.09922652090044035,-0.11021293664933188,0.37436022132445557,0.1853871910903203,-0.00528210567754178,0.044172952638063444,0.24500765832837795,0.2570108134591786
sub-19,-0.3713794020792183,-0.3661627774192554,-0.0934227219724659,-0.0155678964209447,-0.2078390974305516,-0.0940621938390067,0.0420333858238805,0.1332685894009402,-0.1883658400858471,-0.1363755324089319,-0.0587026320244985,0.0098333594522589,-0.1353612454694523,-0.0081906753420376,0.0666782644133343,0.0244411415911748,0.2026349431298303,3.477452472521759,2.851971322171584,36,-0.3541070907947106,-0.3143709289364292,-0.1211033578618186,-0.0194087048142762,-0.246396767836842,-0.1167508948837927,0.0047303860038432,0.1232343060351848,-0.1727983111228754,-0.1176880244185403,-0.0104125535543811,0.0331314678572589,-0.1495509590310403,-0.0148327148040041,0.0476057790996975,0.0477007582013591,0.1985528303703174,4.325658659833431,3.4197052620027057,18,-0.3886517133637261,-0.4179546259020815,-0.0657420860831133,-0.0117270880276131,-0.1692814270242611,-0.0713734927942208,0.0793363856439179,0.1433028727666956,-0.2039333690488188,-0.1550630403993235,-0.1069927104946159,-0.0134647489527411,-0.1211715319078643,-0.0015486358800711,0.0857507497269711,0.0011815249809904,0.2067170558893431,2.629246285210088,2.284237382340462,18,8,moderate,-0.18720484042224414,-0.164742238991226,0.23846103825660636,0.23928909070430684,0.15928186722463278,0.1790896868092875,0.3047504471239525,0.2245681052904171,-0.2360486998306004,0.058746232417574054,0.33222585966666496,0.34779022657002934,-0.25995326752466325,0.14653560395158974,0.22908217389419733,0.29169646257689474
sub-20,0.5039275698827566,0.1076192332775618,0.1033638814198747,0.2663856682662622,0.342318566063438,0.0800935550749242,0.0655829259166675,0.1769117262667236,0.1999378696688979,0.2523130687511958,0.1588756286301797,0.2137000767664489,0.1895245073746486,0.3397435752344252,0.1376694588117953,0.1080064531903788,0.2469821315335742,17.90155006400626,10.162272212073658,29,0.5326630299345079,0.1201338543597689,0.1926981560492679,0.1487639530831715,0.3560543797409479,0.1108666312807209,0.0872432794725135,0.1448855653901907,0.2336978957131172,0.3095001474635899,0.2486205266811186,0.2143960643659863,0.2078512642853232,0.383823344858816,0.149242206552718,0.0953366844257305,0.2533201848428633,17.664885442918752,9.486741767374069,16,0.4685608498190625,0.0922166227148453,-0.0065859950470707,0.4111508561839122,0.3254129492295796,0.042218999744713,0.0389240292325492,0.2163285396532257,0.158387068383705,0.181928971874403,0.0484203694905625,0.2128434766439413,0.166968498869203,0.2854915510813289,0.1234260769768136,0.123600014746869,0.2391814505375261,18.19282959765242,10.993694297857768,13,2,mild,-0.042798218010438635,0.008281631882630704,0.3330857330644514,0.09694918770883028,-0.21904986551679492,-0.1624967063499297,0.302120113659056,0.23043095975045555,-0.24566659508761005,-0.2870704416091236,0.3009907371903672,0.32111336711733496,0.10493765264594697,-0.0334308923194551,0.2470643323017756,0.2539104043944353
sub-21,0.0645032594964756,-0.1424802340311192,-0.2171203714439303,0.1371848109771191,0.0630653241796172,0.0150872968008148,-0.0458760875265581,-0.0856759952412102,0.0538889561123412,-0.0762259998963306,0.0139464758093897,-0.0727917261151857,-0.0107244364802776,-0.2284698540659909,-0.0865818251441006,-0.0673490123850139,0.1683051423271854,3.346309273550149,3.0860959814343127,38,-3.10933118040982e-05,-0.184214829996568,-0.2068319180788469,0.180731319292272,0.0553775026059435,-0.0134441188741662,-0.0155735885880413,-0.0477233519971812,0.0780980181312303,-0.0615089708389076,-0.0177480470689138,-0.0902319906351509,0.0003000828569505,-0.2318493789312122,-0.0517230370545554,-0.0420768727759339,0.1671162383631739,3.284876008441227,3.0482359141672424,19,0.1290376123047553,-0.1007456380656704,-0.2274088248090135,0.0936383026619661,0.0707531457532908,0.0436187124757959,-0.076178586465075,-0.1236286384852392,0.0296798940934521,-0.0909430289537537,0.0456409986876933,-0.0553514615952204,-0.0217489558175059,-0.2250903292007696,-0.1214406132336459,-0.092621151994094,0.1694940462911968,3.4077425386590714,3.1239560487013827,19,2,mild,-0.13746055316144287,0.009537255559961322,0.2737322818486737,0.2098197824151632,-0.000907693012816933,0.07522992270250611,0.32995153537177996,0.13346339028018028,0.14280214721769324,0.13823000563378657,0.25140979755890674,0.2234778145357311,0.04372309392588575,0.1652323704680375,0.19987048310590785,0.14186430536594502
sub-22,0.2732748353511222,-0.0560023272220597,0.0604808847759644,0.0939837116518478,0.1790718805552785,-0.0178949932956695,-0.0734359755177317,0.1382442391216201,0.0697764758792271,0.0989474846426093,0.0648711516565308,0.3239231192481414,0.2183767393324991,0.0747875968961328,0.1381079677862124,0.5017749494895476,0.2090757565849204,11.180562088472255,8.397650970411963,40,0.2802943922662633,-0.0355360586281181,0.1090182176111464,0.0683560673823449,0.1495608733061819,-0.0805587262746403,-0.0866580794312465,0.1537088771214357,0.0435893401574475,0.1451028731734013,0.097980350945366,0.3368369334981018,0.2287596434971223,0.1026725252278405,0.1506918378212874,0.5005878619683957,0.2072798673857389,12.62314881199828,9.408176145649737,20,0.266255278435981,-0.0764685958160013,0.0119435519407824,0.1196113559213507,0.2085828878043751,0.0447687396833013,-0.0602138716042168,0.1227796011218046,0.0959636116010067,0.0527920961118172,0.0317619523676955,0.3110093049981809,0.2079938351678759,0.0469026685644251,0.1255240977511373,0.5029620370106995,0.2108716457841018,9.737975364946234,7.387125795174194,20,11,moderate,-0.07939481981967271,0.07691246923914545,0.24956063905457437,0.16826677713183688,-0.10405381450879668,-0.11640176474189722,0.22700251251563075,0.12721395391240625,0.13284929885681304,0.01663445803317723,0.29697000538156265,0.27866256257915323,0.08772634498358343,-0.08318788161311723,0.19897723752854357,0.21543124849328293
sub-23,-0.0269794079713452,0.1141786763793516,-0.0747619106151401,0.0635370892172767,-0.1050184322450358,-0.0458868373197924,-0.2214632809394966,-0.0816318215472207,0.0025438233863722,0.0443804415857528,-0.1998174520023936,-0.035121806598539,-0.077298743840392,-0.0312617565960342,-0.1253506143651019,0.0212213927771553,0.1722066596089171,1.4201379379283694,2.390793689672392,40,-0.0110065605455076,0.1762038397549599,0.0421652073313813,0.1023612637073937,-0.1042839956572657,-0.0470956531281247,-0.1650001554360765,-0.0335229586549863,-0.006150255465271,0.0677230182923736,-0.1299706412180539,-0.0245851196258253,-0.0457636087130097,-0.0156250572715309,-0.0899609946035511,0.0087967012802023,0.1710399241934892,1.285685918417791,2.297387524992768,20,-0.0429522553971828,0.0521535130037432,-0.1916890285616617,0.0247129147271597,-0.1057528688328059,-0.04467802151146,-0.2779264064429166,-0.1297406844394551,0.0112379022380156,0.0210378648791319,-0.2696642627867332,-0.0456584935712528,-0.1088338789677743,-0.0468984559205375,-0.1607402341266526,0.0336460842741083,0.173373395024345,1.5545899574389483,2.4841998543520165,20,4,mild,-0.07041112905484741,0.046153208059413406,0.2476442531494737,0.2538499399268604,-0.38024833833315463,0.0036964662689050803,0.28715161391147837,0.4076032481462303,-0.0820454572335156,0.04419530231104588,0.27032238579685025,0.14674990193957094,-0.21397324528532294,-0.040163963641846635,0.2126975295292869,0.23968607888468843
sub-24,-0.2946428610178545,-0.3286334243724463,0.0905874887569159,0.2402838237928572,-0.2822777865579003,-0.3207678407929898,0.1290216484520065,0.2049589517805484,-0.0675081724473118,-0.1623138386527477,0.1593100349607477,0.1420156131833614,-0.0458131609343742,-0.2469832117914229,0.1532102959486864,-0.0161933331491068,0.2425359155655425,7.969015924464412,6.847931568889042,34,-0.2012654098208687,-0.2389401616460877,0.0942381959941782,0.2200400134260041,-0.2566304852114031,-0.3074931194762483,0.1559991655695462,0.2177487819948615,-0.0905770261462094,-0.1956113533077099,0.1444585609467401,0.1310826039702555,-0.0910397032604079,-0.271768449546914,0.186019691482373,-0.0457054098163445,0.2244873077755945,6.941395234564613,6.040867481124595,17,-0.3880203122148402,-0.418326687098805,0.0869367815196536,0.2605276341597102,-0.3079250879043975,-0.3340425621097312,0.1020441313344668,0.1921691215662353,-0.0444393187484143,-0.1290163239977855,0.1741615089747553,0.1529486223964672,-0.0005866186083405,-0.222197974035932,0.1204009004149999,0.0133187435181307,0.2605845233554905,8.996636614364212,7.654995656653488,17,1,mild,-0.0016688059864690217,0.11029669735721435,0.46271262481659653,0.1780874920275334,0.3335224142109421,0.03759147003803841,0.3724186183421906,0.38912336709844864,-0.003192233615793318,0.10718877341791791,0.29666551077984304,0.2735014049420722,0.059295776826319486,0.0014512023368836021,0.32025578757997586,0.11338984432135567
sub-25,0.0758864587471333,0.1987807895749458,-0.0235348064133371,-0.0940146485030095,-0.2129414949569588,-0.0760671375246214,-0.1731426337592295,-0.0142998081973853,-0.373505480656063,-0.2192793283843584,-0.1966914118772116,-0.0128772234556752,-0.2198681267017264,-0.1536203713965117,-0.1086735992370306,-0.0221555583869952,0.1906638938769038,5.095500532069108,4.835861337492078,30,0.1294522448675611,0.1911623167210074,0.0225572612893347,-0.0775182265567174,-0.234702098730913,-0.0609108563346067,-0.1651651738198981,-0.0151441963530724,-0.3133307142122449,-0.1247365852226862,-0.1822793870801645,0.0044172684474715,-0.2006465480597798,-0.1200589226841305,-0.1185521804420903,-0.0196385540720681,0.1767657526717009,5.559893059796357,5.207635415572852,15,0.0223206726267056,0.2063992624288841,-0.0696268741160091,-0.1105110704493015,-0.1911808911830047,-0.0912234187146362,-0.1811200936985609,-0.0134554200416981,-0.4336802470998809,-0.3138220715460307,-0.2111034366742587,-0.0301717153588219,-0.2390897053436731,-0.1871818201088927,-0.098795018031971,-0.0246725627019222,0.2045620350821066,4.63110800434186,4.464087259411303,15,5,moderate,0.006104537222422945,0.11777176078256162,0.368100223619639,0.16548491562693526,-0.08494490025456736,-0.05555207648475022,0.18447723734518381,0.11476048244801985,0.06957424517810522,0.04505839366605741,0.4718219297923623,0.12157727607701943,0.007256059062408994,-0.05505962455393248,0.2529079191349631,0.083385882284513
sub-26,-0.0554512776168915,0.1470702078934452,-0.2414478328361379,0.1367282731265619,-0.083678439633847,0.0163785202883255,-0.1384808989261385,0.1327740424400064,-0.218856993619555,0.0692605260623057,0.0039550538534873,0.0832168984310584,-0.8034685983450169,-0.2569403347325211,-0.034735448567574,0.0615650894615476,0.2387764923646596,9.613509425820244,6.203159006785287,40,-0.1007473497389847,0.1140873741196737,-0.2092930054874914,0.1190932117915583,-0.0344957953551676,0.0320553074441336,-0.1271349781331741,0.1263194599128345,-0.242431839672491,0.0174496303769782,0.0384549349240991,0.1010932612810817,-0.7982415109452068,-0.2447845244963243,-0.0223606878709444,0.0674543007381976,0.2426050080583743,9.013870784427162,5.93366295094433,20,-0.0101552054947984,0.1800530416672166,-0.2736026601847844,0.1543633344615655,-0.1328610839125265,0.0007017331325174,-0.149826819719103,0.1392286249671782,-0.1952821475666191,0.1210714217476332,-0.0305448272171245,0.065340535581035,-0.808695685744827,-0.2690961449687178,-0.0471102092642035,0.0556758781848977,0.2349479766709448,10.213148067213323,6.4726550626262425,20,4,mild,0.019985754450204046,0.020685397856703196,0.2208556657811358,0.11510388516275875,0.05003312069441417,-0.04134826028332343,0.3060690150542936,0.14380515831726176,-0.010959768662383669,-0.2822468106511444,0.22174250731084463,0.2870150579373932,-0.1806972595465605,0.08462391036427365,0.3128903926777783,0.3107148732866774
sub-27,-0.1277161039951731,-0.0012179285334272,-0.0070535756678964,0.0974732792498401,0.0066933236059723,-0.0701106230460459,0.1054715435823976,0.0361891462108451,-0.0545677132208721,-0.1877214819847676,-0.0291019098255849,-0.0306971873063647,0.0702830467647807,-0.1546428666853801,-0.0420834537519187,-0.0020111234915575,0.1636413915977859,2.54406526526134,3.0178758211402497,28,-0.1383796740103087,-0.0642540325929639,-0.0223671750458249,0.0462004356594342,0.0083169767342596,-0.0926475428598967,0.1142420112825905,0.0460685082470209,-0.077210979858218,-0.204965693379657,0.0078965931052123,-0.0327555193173998,0.027803186419954,-0.1685364327069217,-0.0222720668868458,0.0152248349823968,0.1665225042307119,3.0141488541389925,3.3603150499706023,12,-0.1197184264838215,0.0460591495112252,0.0044316238655498,0.1359279119426445,0.0054755837597568,-0.0532079331856578,0.098893692807253,0.0287796246837132,-0.0375852632428626,-0.1747883234386006,-0.0568507870236829,-0.0291534382980884,0.1021429420234006,-0.1442226921692238,-0.0569419939007233,-0.0149380923470233,0.1614805571230915,2.1915025736031,2.7610463995174834,16,3,mild,0.28369615334467907,-0.15285447358114504,0.34962541176234674,0.33144629576590545,0.002748367805609468,-0.30734549377498427,0.1582139682406022,0.24309211921941384,-0.18735096805247156,0.044994947996635476,0.30434014774089013,0.27001716360283595,-0.20737819222354872,-0.017704357093770336,0.22864667112751036,0.21555666913749008
sub-28,0.5113088117312723,0.1393072994175731,0.3032152843624685,0.4042214127481518,0.253311398776698,0.102346208959214,0.2453647199706153,0.4054147649898237,0.3370028090699787,0.1590973314785705,0.316907387500126,0.3929071031938291,0.5050538886212227,0.1905434146899625,0.3556604191187515,0.360147741138463,0.3379181785302226,3.701764883925205,2.5545883799204825,40,0.5531962937855303,0.132631957705182,0.2849186659042543,0.4012642716104338,0.2530522554439341,0.1044226230847213,0.2688930067982492,0.4304227649129277,0.3347604696945201,0.1911428649388714,0.2732606664724264,0.3654947813521133,0.4920535440507674,0.2222978802029101,0.3944594668202049,0.370991510324326,0.3422708640453661,3.910666863025507,2.5625419474076336,20,0.4694213296770143,0.1459826411299642,0.3215119028206826,0.4071785538858698,0.253570542109462,0.1002697948337066,0.2218364331429813,0.3804067650667197,0.3392451484454373,0.1270517980182696,0.3605541085278256,0.4203194250355448,0.5180542331916778,0.1587889491770148,0.3168613714172982,0.3493039719526,0.3335654930150792,3.4928629048249014,2.546634812433332,20,1,mild,-0.057214803175842106,0.14751018173115768,0.25470043769233475,0.21589832677288756,-0.010264979194779268,0.23719726301680705,0.14828858288001126,0.28175600747774043,-0.11368265901777694,0.08747533527867005,0.15499747098590277,0.21483972744325522,0.14429437102551618,-0.021257882332453133,0.2619106044030535,0.23830186997829178
sub-29,-0.1335664153074854,0.0736253799666032,-0.0666335345716606,0.1010845041753193,-0.1220049644476463,-0.0769482265679314,0.0192472227920191,0.1192061646239421,-0.1180548007653506,-0.1039882093988654,0.0156291880796313,0.0885076789452544,-0.1521323640117872,-0.0735842822834917,0.1130728326734488,0.1361868280811254,0.1609079147214475,5.756798455922977,4.569788767893738,38,-0.1593758404082955,0.0481438184543093,-0.0238133585436815,0.1136904757208979,-0.1563389311851074,-0.0511128148475199,0.086084461895981,0.1363428498941176,-0.1091513882367774,-0.0724249350015422,-0.0035774205317026,0.0863735533029314,-0.1434338007631417,-0.042793671123336,0.0884316727133047,0.1225272466968018,0.1542241737433448,5.8082098479731625,4.560859284940352,19,-0.1077569902066755,0.0991069414788971,-0.1094537105996397,0.0884785326297407,-0.0876709977101853,-0.1027836382883429,-0.0475900163119427,0.1020694793537664,-0.1269582132939239,-0.1355514837961887,0.0348357966909653,0.0906418045875773,-0.1608309272604328,-0.1043748934436474,0.1377139926335929,0.1498464094654491,0.1675916556995502,5.705387063872789,4.578718250847125,19,1,mild,-0.10080823351807792,-0.06042662795077813,0.5052162976995596,0.16961937143525632,-0.09286372511365576,-0.035386818312775466,0.3546637639589902,0.11364695682455184,0.11216146808356854,0.027373554213953225,0.17191931259969412,0.17528307730642628,-0.03753008535666224,-0.05838194987389044,0.2489876623679637,0.16589753432664345
sub-30,-0.023891262709695,-0.1094010590821939,0.1623400227435309,0.1641932437702929,-0.0361639157410933,-0.1478989379807744,0.0788033085282478,0.0011455402316472,-0.0125045403835244,-0.0897986899854714,0.0689853218985043,-0.0736822691036544,-0.1403918014506525,-0.2245496889823778,-0.0168545345548409,-0.1206302953736263,0.1770447696504315,16.69311421910097,11.785781339918294,39,0.004195632278249,-0.1397678555268947,0.2667259505034096,0.2352679886315465,-0.0338995613024065,-0.183364587518017,0.1762674065539661,0.0425219273903255,0.0020925286957617,-0.108379786439157,0.1186540435968966,-0.1065426430343925,-0.1426434295906604,-0.2501209719467014,0.0202625830443016,-0.1815440595296861,0.1931721103110925,14.691710672349084,10.543054745444405,19,-0.0505738129482419,-0.0805526024597283,0.0631733913716461,0.096672236152102,-0.0383150524578457,-0.1142065709203938,-0.0137875845961845,-0.038162027569097,-0.0263717560088464,-0.0721466483544701,0.0218000362850317,-0.0424649138694532,-0.138252754717645,-0.2002569701662703,-0.0521157962740264,-0.0627622194253694,0.1617237960228036,18.594447588515266,12.966371604668486,20,4,mild,-0.024479660097833988,0.027712061150346846,0.32336732233182985,0.12447701804317886,0.007797072788863546,0.10539698875601515,0.2394193316560779,0.17322334206833828,-0.08054834768799166,-0.020798089209984442,0.2278514453371434,0.16629197242098281,-0.1321688229459757,-0.008427464166887253,0.17406073021624874,0.23393153208765086
sub-31,-0.0748585035992497,0.0214176732374967,0.1404232561037204,0.260518405766847,0.0263525419396331,0.1777353972332024,0.4845492418927153,0.3899244308883561,-0.0379508849698391,0.0249896716267861,0.1913159763949454,0.215669084214221,-0.0356014806064725,-0.0468442077554012,0.2227831675080499,0.2796751671450144,0.2250918806543634,3.276100801943729,3.929309731188935,39,-0.049560830141461,-0.0416173011823964,0.1299450856360387,0.238215328813571,0.069037261893927,0.2365290320998292,0.5038548404792526,0.38797217779259,-0.0557973012103117,0.030276455209978,0.2493017372358033,0.2297454669617168,-0.0453048169022314,-0.040765982343171,0.2304625406204836,0.2804234218143932,0.2328356154481858,3.5553896204492688,4.146795954722848,20,-0.1014876335548168,0.0877702778900159,0.1514529092275958,0.2839953288755584,-0.0185787422227814,0.1158473605314899,0.4642275591700449,0.391979434147057,-0.0191651836640785,0.0194246362760578,0.1302783334045687,0.200851839216857,-0.0253874424004105,-0.0532423397682752,0.214699616863383,0.2788875306509311,0.2169405808713924,2.9821125719378987,3.700376864311132,19,3,mild,0.14299396934683462,0.12758693018220169,0.4247360862615588,0.18047290691904305,0.3242495751446907,0.05225813613092459,0.4825508657623384,0.37064899070464186,-0.1464994573519431,-0.1433714247335973,0.5635648997720077,0.19873867375704027,0.01823340721103462,0.03535959201200256,0.28141936695956343,0.16603122026177672
sub-32,0.0115234228454679,0.3589613477950823,-0.0111232216663563,-0.1612375305711701,0.0056011152596677,0.0113578708460506,-0.0162879081700561,0.0022816948669615,-0.0830935929587655,-0.2281764901369397,-0.0501901082011325,-0.0347242995853663,-0.1670922522732815,-0.1411894112515171,-0.0421996672322114,-0.0489234995559259,0.184375363186498,4.477334361914596,3.615153251828063,40,0.0396376335342675,0.3804361536628043,0.0347367597282666,-0.0798947302964037,-0.0271679275204822,0.0214004733885555,-0.0157396207687832,0.03325974799839,-0.0773485645276092,-0.2089540605721718,-0.0174601835837224,-0.0370197284668023,-0.1645743365685396,-0.150267996860668,-0.0520071720822124,-0.050520571789362,0.1873698873769129,5.289347244301392,4.256326129888107,20,-0.0165907878433317,0.3374865419273603,-0.0569832030609793,-0.2425803308459364,0.0383701580398176,0.0013152683035457,-0.016836195571329,-0.0286963582644669,-0.0888386213899217,-0.2473989197017077,-0.0829200328185425,-0.0324288707039302,-0.1696101679780235,-0.1321108256423661,-0.0323921623822103,-0.0473264273224898,0.1813808389960831,3.665321479527799,2.97398037376802,20,3,mild,0.161156631911633,0.025214235016765247,0.4176000162241205,0.29750666946960935,0.010638587869343021,-0.24006464565906233,0.1550067103694105,0.2626047665855036,-0.1117321316160011,-0.06353449950547692,0.23696075500267094,0.19833521681634816,0.03661797825424414,0.011237258046961948,0.1824004492203392,0.04717826245519771
sub-33,0.101409236241995,-0.0331899716979834,0.0238777550989951,0.0894171932792274,-0.0944209152262203,-0.0264245256296423,0.050256241214564,0.0857809688744137,0.1199743874573478,0.0674782044245916,0.0342216377023359,0.0173864993273732,0.5565418088411048,0.0334651654946936,-0.0241056662123956,0.0290389493147376,0.1772830161187169,4.113391450920374,2.7049651082770407,21,-0.061664228590804,0.0283269774790103,0.0601035007200616,0.0964397338141096,-0.0889320998597587,-0.0227548155182042,0.0449039642604127,0.0628941708884852,0.0666961416653036,0.1381384539818713,0.0928867400037437,0.0002497127263179,0.5580608741017502,0.0225805018422326,-0.0345759299422471,0.0404938572584002,0.176906829401884,3.74574663880838,2.4386521111329693,10,0.2496578406354487,-0.0891144709497959,-0.0090547409201561,0.0830330655202436,-0.0994107473775491,-0.0297606257309498,0.0551219475365196,0.1065871488616214,0.1684091563592061,0.0032416139179737,-0.019110273480762,0.0329653962374236,0.5551608404223363,0.0433603142696582,-0.0145872446398034,0.0186253966386806,0.1776250040431105,4.447614007385822,2.9470678329534694,11,3,mild,0.10910501983154879,-0.19111436840989157,0.34207032508635715,0.27998306403681245,0.040144672395376176,0.11827991884742577,0.23826738053040528,0.18585379234922672,-0.12158882184598448,-0.024021699418030285,0.17770983244115238,0.2772159194587866,-0.004038862254749787,-0.08283583699083495,0.2476872637331589,0.10157551090124664
sub-34,0.1319339089380318,0.1215102755788381,-0.1564134883180992,-0.0738949848585648,0.1210955565481472,0.100161085080378,-0.0758302575080235,0.0511727468167671,0.0442570753812188,0.0780530651175963,-0.0337873668868865,0.0956683925046087,0.0512296026023454,0.1700816031616606,-0.0309697888975219,0.0403309748248386,0.1661451775898709,12.191480894053704,9.937917443671182,36,0.1865495207271549,0.2204226742670836,-0.165319084293549,-0.0762397410879753,0.09343473157988,0.0769493365445021,-0.0680267808823352,0.0686822905320617,0.0373441134600341,0.1124085601413789,-0.0121793693374542,0.0721596266603182,0.0423361413294571,0.1511527845609685,-0.0443834333280515,0.0538074516874818,0.1527534809113859,9.364252488678725,7.822506199220408,17,0.0830673089161848,0.0330097083314605,-0.1484453234979599,-0.0717970450743554,0.145844715730281,0.120929491665109,-0.0828123155415341,0.0355063129662403,0.0504423571001736,0.047313937991054,-0.0531208383784839,0.1167025514179212,0.059186910057035,0.1870179145412272,-0.0189681070386271,0.0282730744740526,0.1781272219864101,14.721106309389214,11.83065382028504,19,1,mild,0.05346248949688658,0.041876632533007725,0.5617758778976301,0.08136958814009289,-0.3228972980298778,-0.06253777597307743,0.43313248413688504,0.37472169457352694,-0.2821688777597525,-0.034555312617906925,0.34761345055410675,0.3577501939945216,-0.06251538217439193,-0.07351424007160205,0.24785105329700788,0.08002345749815629
sub-35,-0.2264515154293507,-0.2266604990904667,-0.0234346903699799,0.0484087860328059,0.0753974939656988,0.0831507221477932,0.0696420290225547,-0.0339817140065584,0.105168051767776,0.177187442493182,0.2121812730877751,0.008983954245071,-0.4030778381532947,-0.0157476484230675,-0.4102640840482688,-0.5549608277846643,0.2598168355561535,3.696547537911498,3.647646171146365,18,-0.2549049828708199,-0.2188575966488441,-0.0645915532858105,-0.0915158196067322,-0.0071007127672021,-0.0282149408957274,-0.0282774300453865,-0.0653714203365774,0.2205793756765752,0.159806204332732,0.0026541731910556,-0.0066384681076971,-0.3831897083161663,0.0377014375839696,-0.4412523577901215,-0.58757405143214,0.2567671824529179,3.574485596578928,3.5454077263279697,7,-0.2083447634211431,-0.2316259824624084,0.0027560405764576,0.1374517168943302,0.1278963527957267,0.1540197804482155,0.13195441206579,-0.0140064463420009,0.0317244820076311,0.1882482304134684,0.3455167002947785,0.0189254957422871,-0.4157339207769218,-0.0497607031548184,-0.3905442734852717,-0.5342069581908161,0.261757523894576,3.7742233187594976,3.712706999667162,11,1,mild,0.12384060548657715,-0.07073506699446794,0.47037798225399285,0.22998006719521225,0.003537479565519295,-0.12077484020255191,0.29581930053346317,0.27293969575440474,0.04669014733707964,-0.17637990909290738,0.4705272359048264,0.28501736304124853,-0.40772872967945667,-0.06040897245360163,0.2655895750322148,0.4301596094057829
sub-36,-0.1668675105620202,-0.0926923468668934,-0.0067137392541739,0.0781497609739984,-0.2136287370421395,-0.1909712213511145,-0.1325819942802475,-0.0417628172172324,-0.1517425879973472,-0.1393000182244381,-0.0724505108630929,0.0064010524824244,-0.0716653097212319,0.0566538161301059,0.0122323071252747,0.0449528411213966,0.1505869293454268,9.776007272979715,10.177544564847846,40,-0.1712235258983876,-0.0811944231504693,-0.0086131332542838,0.0919685098059517,-0.2616365082851768,-0.2086800101458161,-0.1773757734112189,-0.040127495087285,-0.142310475723219,-0.0890281567647654,-0.0450982323597027,0.04179972178033,-0.0772373204568963,0.0580571540624747,1.4350399551239096e-05,0.0400919521660325,0.1471505262199764,9.365949634294871,9.751423369320776,20,-0.1625114952256527,-0.1041902705833174,-0.004814345254064,0.0643310121420451,-0.1656209657991023,-0.1732624325564129,-0.0877882151492762,-0.0433981393471797,-0.1611747002714754,-0.1895718796841108,-0.0998027893664831,-0.028997616815481,-0.0660932989855676,0.0552504781977371,0.0244502638509983,0.0498137300767608,0.1540233324708771,10.186064911664564,10.603665760374914,20,6,moderate,0.11883310756485867,-0.19760612781389747,0.23828427006519162,0.18784507015816643,-0.253767313883206,-0.11513342664764398,0.2598738305055622,0.302722530299035,-0.17328104971707117,0.011134471955863012,0.34307901153767784,0.2558386192182811,-0.015493815526430761,-0.07066530992016426,0.24023824428123863,0.052007789415515746
sub-37,-0.0793466754327958,-0.0445424014921846,-0.0459143686118744,-0.0126876871700873,-0.1182414325685513,-0.2072324092860261,-0.0652742143161451,-0.0263908921589603,-0.052979853795778,-0.1493667887988971,-0.0971321184652849,-0.0508364113435298,0.0362317919206954,-0.007671658938257,-0.1006900271697071,-0.0478199577476412,0.1553608606154976,7.523809429641302,5.985502279482365,26,-0.1083032723182182,-0.0902236692332292,-0.04534545420507,-0.0059102731163075,-0.0972674600706285,-0.1941175810352993,-0.0005992670102296,-0.0103619592413723,-0.0453577501396719,-0.1841126497092767,-0.0404580449424573,-0.060791221766277,0.0138207119530703,-0.0392105368788541,-0.0606796782470967,-0.0305324582562149,0.1520910058794772,5.232891210259611,4.605312638596431,14,-0.0455639790664697,0.0087524108723674,-0.0465781020864795,-0.0205946702328304,-0.1427110671494613,-0.2225330422452075,-0.1407283195063799,-0.0450913138961463,-0.0618723080612352,-0.1088299510701209,-0.1632518709085837,-0.0392224658503247,0.0623780518829246,0.0291236986591062,-0.1473687675794192,-0.0679887071543052,0.1591756911408548,10.196547352253274,7.595723527182617,12,3,mild,0.06956188602869752,-0.0028621025852279543,0.37117156509999283,0.09670285224652247,0.22430747179054297,-0.05162907563518227,0.2643284849419826,0.31474159286768555,-0.1994642357298936,-0.11924201547951116,0.42765776436378644,0.18670908937752329,-0.03149233757755068,0.15259307274436756,0.16450138492697672,0.10832646017683739
sub-38,-0.4563943566081618,-0.3415354896449386,0.093836522178905,-0.200132915682128,-0.0633550110084476,-0.3258781933608642,0.0681673755133336,0.0670560658655815,-0.0070488485099911,-0.1758053180295607,0.0648308630256027,0.1428340882678811,-0.0142476593071201,0.0370936303033444,0.0202749223848351,0.1577300683700373,0.2199706107248031,12.256613475223086,8.439606319282117,39,-0.5751086103076203,-0.4723292492408857,0.1122226143540075,-0.2327742235100147,-0.1031746623257414,-0.3616522533911152,0.0385419248784535,0.025359903444529,-0.0533938030221673,-0.1939898172500859,0.1362052412757953,0.162620296008772,0.022143982462229,0.0728884846220012,0.0079497200726058,0.1535471594191066,0.2332207507352865,13.262277861766332,9.001694479554393,20,-0.3314319842929424,-0.2038578479649943,0.0744827409419549,-0.1657736442843524,-0.0214395885691909,-0.2882212880658633,0.0993520603921548,0.1109467631508999,0.0417353141344048,-0.1566637399026922,-0.0103000614482841,0.1220065011722065,-0.0525546506432771,-0.0005851637162943,0.0332488195556029,0.1621331304236485,0.2060230949242942,11.19801938412493,7.847934571627082,19,3,mild,-0.06326081600760054,0.2732986713930251,0.24434427787629479,0.30374567320996665,-0.19769519688819337,0.4252344951812112,0.19731476368696782,0.5020723082847892,-0.017103261390502944,0.3613149702469616,0.17985028487968774,0.3312341544632116,-0.0638697941685254,-0.07371142880208462,0.1980418706296922,0.1694474406820166
sub-39,-0.1295436192519521,-0.0113464381478453,-0.6000822787222533,-0.0034044903487473,-0.0021311117795645,-0.0302895338469406,-0.0796699624369479,-0.059090129005724,0.1075305913576535,0.1264646317357901,-0.0701094875688618,-0.1038046763029884,0.227009557087091,0.0925771965734195,-0.0518594397486664,-0.1011488420879705,0.2088354125999184,6.509607049812635,5.376761356714291,33,-0.0414837590373953,0.0213377808259448,-0.5689474752939377,-0.0146365171757952,-0.0084241892277964,-0.0866969301614347,-0.0571683449540848,-0.0108912869319171,0.1305214932362021,0.1184787162088705,-0.0518803083788785,-0.0753804188787489,0.1801100860375575,0.0852572132225416,-0.0312618179867524,-0.0578560380966091,0.2028793891824541,6.307852037685001,5.1663524470037165,17,-0.2231072207299187,-0.0460734208074975,-0.6331630073648387,0.0085295381549911,0.0045552830091818,0.0296433247372092,-0.1035779310124899,-0.110301398709144,0.0831027581116956,0.1349496669831421,-0.089477990458219,-0.1340054498162429,0.2768402450772204,0.1003546788837273,-0.0737444128707001,-0.1471474463287919,0.2151636874809742,6.723971750198245,5.600320823281775,16,11,moderate,0.1903344272438229,-0.038190188092026796,0.4599727345778214,0.36358808166069534,0.2441994606831057,-0.0462547167091971,0.2369212353710689,0.2710861652117877,-0.10416590058033035,-0.11721128362766778,0.3336579303113758,0.13799450689971837,0.09315916877114426,-0.08636794917105092,0.2717569691145608,0.1775884434751903
sub-40,0.0859925357890264,0.3579402689000662,-0.1739039725926916,0.0969225650373393,0.1218480143173899,0.2070608015719031,0.1793362609343274,0.1550514704942535,0.1316903306482058,0.2698279812828071,0.1149805370833694,0.0676494954976256,0.0969771847000355,0.0624899863368663,-0.0010624151990051,-0.019972396357875,0.1804662979562853,16.65483979284049,14.806095500493448,9,0.0887448601248564,0.3868217633534921,-0.123726613457402,0.11879996743155,0.1385718347812004,0.293762071493211,0.2114438913141655,0.157622831682037,0.1402884739748849,0.347064671038862,0.1107495968326766,0.0311809063234918,0.1041361619429664,0.0657610514861877,-0.0572101727721412,-0.0586781323688805,0.1980270431874506,17.36929569276382,15.467602818185243,5,0.082552130369239,0.3218384008332838,-0.2366256715118036,0.069575812044576,0.1009432387376269,0.0986842141702682,0.1392017229595299,0.1518372690095241,0.120942651489857,0.1732821190877386,0.1202692123967355,0.1132352319652929,0.0880284631463719,0.0584011549002146,0.0691222817674148,0.0284097736558816,0.1585153664173287,15.761769917936329,13.979211353378703,4,6,moderate,0.029694806455021736,0.02350568771125562,0.5414499325676293,0.12701767691450971,-0.08387150790192847,0.11611706353125072,0.4012628918812477,0.2095702000712411,0.04041453587616332,-0.07764345355901836,0.1911015842537677,0.09049805091320458,0.05089032862838417,0.0346112171051234,0.19775015702352902,0.1564369594703699
sub-41,-0.356816097679881,0.0052163242403234,0.141026146038845,0.0070571426347349,-0.212705605424024,0.1534730615495919,0.0852680727638055,0.0484451543111259,-0.0730047263131829,0.1999498403792535,0.2167622195818704,0.0760478718891716,-0.0577422197182486,0.2601482077322594,0.3281300013539675,0.117840483344599,0.2122010587614393,6.034650318642588,4.805875899258598,39,-0.3304544282918452,-0.0134384953130519,0.142703103116543,0.0145751409952303,-0.1927017837858981,0.1615972885097141,0.1186376850234058,0.0735596523081768,-0.0424999058916756,0.233625078620406,0.3075666553299019,0.1047220591078677,-0.0647774251788401,0.2491491468782857,0.3370723107276977,0.1179029370962556,0.2174358951313323,5.986680582553758,4.736565949074254,20,-0.3845652233514976,0.024852976401771,0.1392609280623208,-0.0008565398499971,-0.233762259779946,0.1449212436968316,0.0501421651221211,0.0220088406300198,-0.1051150635989801,0.1645022211780404,0.1211786030049948,0.045864516922123,-0.050336740286047,0.2717261665259156,0.3187170441184621,0.1177747425533814,0.2066907046878677,6.085144777683459,4.878833741557908,19,7,moderate,-0.08395597366952547,-0.09432528958623651,0.42597782138303836,0.1303195282664199,-0.05117188682304204,-0.041188363942876324,0.2731832011668634,0.3216331233441616,-0.19906234219140492,0.025582534370333965,0.3806471954493546,0.3427257533369623,-0.2755576727078137,0.009685924036510654,0.2516114322700674,0.3202405466383697
sub-42,0.3314627940079068,-0.0386440818509735,-0.0939903262013325,-0.2902139815000085,0.2369904037094605,0.1123758928096524,-0.0917864845570205,0.0071145107996881,0.0040879981254949,0.0319382371615842,-0.0250085263005027,0.038448429946345,-0.0039298289844525,0.0394015394029404,-0.0511422621853139,0.0672316130384929,0.1925294218785535,9.853563882851082,8.49066010807938,39,0.3625632941623185,-0.0091728965972567,-0.1415435716986573,-0.2789659571037334,0.2244195142915369,0.1302697489245337,-0.128662462950197,-0.0259337506190245,-0.0018390730659727,0.0303992869644334,-0.0308207474331772,0.0245750188757719,0.0072363294268461,0.0671043864112327,-0.051972435829719,0.0560268693397419,0.199660509717146,5.985365848015334,5.6717075517764775,19,0.3019173188612156,-0.0666417078420046,-0.0488147429788739,-0.3008996046764697,0.2489327486564878,0.0953767295005152,-0.0567543050835029,0.0385103591474651,0.0097187157573893,0.0334002398488775,-0.0194869162244619,0.0516281704633894,-0.0145376794751862,0.0130838347450626,-0.0503535972231289,0.0778761195523063,0.1857548884318906,13.528352015945046,11.168665036567138,20,7,moderate,-0.24107455189342603,0.056261016275530526,0.3464407247815727,0.31827547248650456,-0.2565949016783308,-0.0035376957626689497,0.28869438954893445,0.3926996211650068,-0.05984907527581196,0.008491076927413821,0.21542449074167352,0.11827723382677499,0.04243168571169076,0.02492160563014479,0.1926759992563613,0.1289355155513618
sub-43,-0.1953714308865736,-0.2910629306967095,-0.1812063032826312,-0.0629463762568389,-0.2130700318924318,-0.1882638637274475,-0.1408098470864651,-0.0245681811466774,-0.1536138206861959,-0.1069213255218749,0.0196617374190215,0.0494269767620004,-0.0843423359247221,-0.0523285027521702,-0.0063595030271963,0.1313884727219738,0.1857478746178952,10.340013862065296,8.950212921312549,34,-0.1281245711180439,-0.2802093710731909,-0.1518313806805209,-0.0142465951725545,-0.2222516593550955,-0.2182043912858559,-0.1364435052655171,-0.0228683440797748,-0.1549726711853193,-0.1259417920792568,0.0144555361202216,0.0334782044573486,-0.067553773752216,-0.0370171259690911,0.0113755837357963,0.1309828189592577,0.1959014718988758,7.168641617899741,6.619777082199591,18,-0.2710241481261694,-0.3032731852731679,-0.2142530912100053,-0.1177336299766589,-0.2027407009969351,-0.154580770224238,-0.1457219816350316,-0.0264804978469429,-0.1520851138746822,-0.0855233006448203,0.0255187138801714,0.0673693456047336,-0.1032294683687915,-0.0695538016331342,-0.0263114756355631,0.1318448332050295,0.1743250776767919,13.90780763675155,11.571953240314627,16,2,mild,0.13032506148353046,-0.17904537655288977,0.3226408121978811,0.2298989603875252,-0.21946860412779157,0.02330580510282096,0.33587037913299417,0.2616713792716384,0.008992397981522642,-0.08314187839773599,0.22324184246289028,0.1798609862779558,0.0398500402934272,-0.04467522803802379,0.25143734954640035,0.14122234218607962
sub-44,-0.1362446007706996,-0.0223739055191161,-0.0950454184641698,0.0638713495710785,-0.0739642675887919,-0.1022092074407468,-0.1674999277704912,-0.0290724878347219,-0.0940105336315324,-0.0870353066916718,-0.1894522834447951,-0.0669722407280902,-0.2185992994764697,-0.1022913167775095,-0.2389343151130558,-0.1082683399756635,0.1833685899409428,6.723364403292244,5.603470976288189,40,-0.1793054031454345,-0.1023279236658691,-0.0558568033134535,0.0568541565425783,-0.084330240996345,-0.1183303476085806,-0.0941989265772975,-0.0094703831361079,-0.1550227189654495,-0.1393275660258844,-0.1710105707379912,-0.0772681074911107,-0.22608297200116,-0.1122312842277857,-0.219480005427584,-0.0978346153195913,0.1891024695236791,7.034356056638242,5.805813130828184,20,-0.0931837983959646,0.0575801126276369,-0.1342340336148861,0.0708885425995786,-0.0635982941812388,-0.0860880672729129,-0.2408009289636849,-0.0486745925333359,-0.0329983482976154,-0.0347430473574593,-0.2078939961515989,-0.0566763739650697,-0.2111156269517793,-0.0923513493272332,-0.2583886247985276,-0.1187020646317356,0.1776347103582065,6.412372749946245,5.401128821748194,20,1,mild,-0.14767182009358898,-0.12129443996589835,0.271667682842721,0.22516407212629602,-0.2592563610858925,0.002501899877997918,0.1965776041250154,0.29960082051004977,-0.26611446246448955,-0.09730485629996177,0.1494523445388372,0.3024903735092951,-0.14174199387035083,0.22460945385067807,0.3104008432090558,0.25962061567053185
sub-45,0.0318343707007065,-0.0526543022690512,-0.0778610559361143,-0.0114508968893746,-0.0679105847351763,-0.0927576869173139,-0.1457675985441978,0.0240794073919164,-0.2248301491207795,-0.4235353147159338,-0.0473400546500314,0.1541389813159582,-0.5022800676618653,-0.6743329418723315,0.0104932317104624,0.2328591507148513,0.2751242871358209,14.007953300358569,8.803189978319198,40,-0.0556962581919298,-0.0759533095216773,-0.1101072276593473,-0.0465548289707915,-0.1057764601713363,-0.0519804557012068,-0.1404162811259587,0.0221121426651794,-0.1662691831985206,-0.4311142027188972,-0.0682725547660032,0.1260359603709888,-0.4525629168151727,-0.6738877865910554,0.0161242160117703,0.2094589381956861,0.2786005238336949,13.31666276275357,8.785774547468938,20,0.1193649995933428,-0.0293552950164252,-0.0456148842128814,0.0236530351920422,-0.0300447092990162,-0.1335349181334209,-0.1511189159624369,0.0260466721186534,-0.2833911150430383,-0.4159564267129704,-0.0264075545340596,0.1822420022609275,-0.5519972185085579,-0.6747780971536075,0.0048622474091545,0.2562593632340166,0.2716480504379469,14.699243837963568,8.820605409169458,20,6,moderate,-0.04272660246045857,-0.13534848482253234,0.27331974298669526,0.17077147885207827,-0.06536386966826488,-0.060173213408721164,0.300061603843499,0.14181286250869438,-0.24858824624929757,-0.05038983931958656,0.2558676334252302,0.2819988068328908,0.021722859944408323,-0.06115547070218992,0.20710750702497355,0.09940447659977589
sub-46,0.0143704215332501,0.0536257988969174,0.1813438382452671,0.1367660713193847,0.0831431821557715,0.0403315882666781,0.1697272125803755,0.1136127207057824,-0.0052635855449864,0.089227658202218,0.1963633314897262,0.1228450471529808,-0.0317376959824238,0.0060081390283482,-0.003650740237255,-0.0495623892821484,0.1736474707189735,0.7875154971453046,2.0115445628784805,38,-0.0594925706910963,-0.0387700379897246,0.159282994725343,0.1345389870097527,0.1437935962108858,0.0790194794898972,0.1729602114070645,0.1140258568883676,0.0323774870699967,0.1505136675731958,0.2412055200441072,0.1283632492728049,-0.0088966930521344,0.0153797409283933,-0.0269062913115481,-0.0500183853169405,0.1860152837000833,0.7949430827990708,1.957734900561881,18,0.080847114535162,0.1367820520948953,0.2011985974131988,0.1387704471980534,0.0285578095061686,0.0055124861657809,0.1668175136363555,0.1132408981414557,-0.0391405508984713,0.034070249768338,0.1560053617907834,0.1178786652451392,-0.0522945986196842,-0.0024263026816924,0.0172792557296086,-0.0491519928508356,0.1625164390359745,0.780830670056915,2.05997325896342,20,1,mild,-0.08873548214833217,-0.1303443086623964,0.26075147548030264,0.2575393631856719,-0.2320646519859834,-0.016101855457256092,0.2475209261055813,0.29036590201672074,-0.2130924380404503,-0.125863857445812,0.20559317406059807,0.28422517638591976,0.09499376453771663,-0.031001207571685847,0.16758013230774976,0.12149216494678938
sub-47,-0.1553640790325302,-0.1263996215158813,0.2721663343281243,0.1468096498851212,-0.1263789457787893,-0.0875057425761972,0.2036659811265892,0.1560648216586413,-0.0170824613085801,-0.0789441228599009,0.1327855365675344,0.2958112314432687,0.1459025413042319,0.0896659011702844,0.1603686110115441,0.3481720870606352,0.2166777200937006,4.4518779072366055,4.257488708605314,40,-0.162185138429336,-0.1479359771848219,0.2948954132528915,0.1511854910874095,-0.0735308942412355,-0.0597780915463068,0.1795468020665692,0.1562700235412608,-0.1216690424266287,-0.1664783280930868,0.1614294972416566,0.305123480663725,0.1522301283315417,0.1074859789736996,0.2006705927015239,0.3650778388139271,0.2265921309000618,4.377547638598987,4.207472593992,20,-0.1485430196357245,-0.1048632658469407,0.2494372554033571,0.1424338086828329,-0.179226997316343,-0.1152333936060876,0.2277851601866092,0.1558596197760218,0.0875041198094684,0.008590082373285,0.1041415758934123,0.2864989822228125,0.1395749542769221,0.0718458233668693,0.1200666293215644,0.331266335307343,0.2067633092873395,4.526208175874222,4.307504823218631,20,7,moderate,0.0684223324106613,-0.08852926574220106,0.3127260454622983,0.1256535379768471,0.04378019573380264,-0.027110713974104826,0.2986853763500944,0.11525367630419567,-0.2975482227823316,-0.041024912389954926,0.2103641530473293,0.43300861919343964,-0.1123397005944532,0.1873939577850334,0.22029289677088698,0.2398482458033064
sub-48,0.1404784965986669,-0.0174514835379025,-0.1052428304731834,0.1933084372493654,-0.1254436880400877,-0.1652595432073336,-0.3083514240811362,0.0083769869702325,-0.1667614649873275,-0.2001225988970124,-0.1538754134600965,-0.0596361358691584,-0.1609933932670513,0.2560827924670409,0.0044037217444664,0.0533032618769657,0.197538577372385,7.379694244318176,6.95566103064705,40,0.1307425873801837,-0.0758488277300929,-0.1545554593894869,0.1648587724263069,-0.163546411090059,-0.193537354853662,-0.3360020200356432,-0.010655124871993,-0.1833350808694418,-0.2173108596254401,-0.1071073350779921,-0.0727902643653748,-0.1858663185341574,0.2460602466396438,0.0223842332376602,0.0631419876396347,0.2007562030896052,6.45688275793305,6.284093721803807,20,0.1502144058171501,0.0409458606542878,-0.05593020155688,0.2217581020724239,-0.0873409649901164,-0.1369817315610053,-0.2807008281266292,0.027409098812458,-0.1501878491052132,-0.1829343381685848,-0.2006434918422008,-0.0464820073729419,-0.1361204679999451,0.2661053382944381,-0.0135767897487272,0.0434645361142967,0.1943209516551648,8.302505730703302,7.627228339490297,20,2,mild,-0.07426746577902309,0.06602552150435351,0.4178082713073206,0.15547313367267931,0.014635223801518011,0.11639911627764568,0.3099174779120071,0.1691924620898853,0.12167311001842775,0.16537256422369084,0.2930098090991565,0.1707657911470513,-0.015951598034925185,-0.017998758402216618,0.22559450233116235,0.0938177769625223
sub-49,-0.1553657735595668,-0.1264024682770737,0.2721668842102124,0.1468105911395668,-0.1263787736337631,-0.0875062341029035,0.2036661107135414,0.1560633185339025,-0.0170813245109578,-0.0789482571624675,0.132785187025228,0.2958114864404263,0.1459035170010661,0.0896665161997281,0.1603687781289817,0.3481734130249331,0.2166780881044076,4.451879658948441,4.2574894704963855,40,-0.1621884160370538,-0.147936914178938,0.2948926596118523,0.1511873554811504,-0.0735310814798189,-0.0597798240860713,0.1795468752072771,0.156268458945833,-0.121668180992902,-0.1664819796386655,0.161429821188153,0.3051240870684563,0.1522303403074082,0.1074875320897577,0.2006708113900116,0.3650793484091185,0.2265923518184734,4.377550764556372,4.20747364961491,20,-0.1485431310820799,-0.1048680223752095,0.2494411088085726,0.1424338267979833,-0.1792264657877072,-0.1152326441197355,0.2277853462198056,0.1558581781219721,0.0875055319709863,0.0085854653137304,0.1041405528623031,0.2864988858123963,0.1395766936947239,0.0718455003096985,0.1200667448679517,0.3312674776407477,0.2067638243903418,4.526208553340511,4.307505291377859,20,1,mild,0.068397742974612,-0.08855867156543586,0.3127557502198235,0.12564652040483887,0.043777538258789515,-0.027089924824713396,0.2986856874674412,0.11525059991848689,-0.29755058317592453,-0.041022652621587344,0.21036781494272172,0.4330060057198052,-0.11233745531352218,0.18738179122903303,0.22029230525636634,0.23983090802808354
sub-50,0.0836364595578297,0.0177955728088775,0.0581308464979618,0.1663493826439231,-0.0244614757267993,0.039129934696478,0.0228552903809376,0.0211004790918048,0.0284350439012927,0.0307311232369606,0.0141387798289869,0.0104332850196917,0.0411572255297468,0.0252772858725748,0.0204374680964137,0.0080498762753335,0.1506502837318767,9.018276868127368,7.668943966620886,35,0.1046371308231184,0.074870231348664,0.1860108197471419,0.2984826190248574,-0.0911602781086357,-0.012861696605301,0.0028989465507502,-0.0162559504647763,-0.0313493906947956,0.0885421787635981,-0.0111554158120872,-0.0135272462394937,0.0152436219787107,0.0310995831441294,-0.0057200077868937,0.0026714932082187,0.1666897679893755,7.922181609447271,6.787141735216503,17,0.0638024922517238,-0.0361082713675874,-0.0626446837929303,0.0415568816174852,0.0385318376338238,0.088233142037047,0.0417029484427814,0.0563815514507982,0.0848981210198207,-0.0238682069826415,0.0380277423788902,0.033062675653367,0.0656311844390588,0.019778449560551,0.0451417508750929,0.0131294602831642,0.1355018819331279,10.053477945769682,8.50175718516947,18,3,mild,-0.04336345016985264,0.054634127110476965,0.37344200891963425,0.11264626680177728,0.10786739808987947,-0.01491397929696067,0.26010358784631826,0.13545553195127885,-0.05317658870066119,0.13522247736087933,0.23938743629808934,0.26331665881256144,-0.030672828822169363,-0.04016469182260127,0.1446013331344477,0.08800089764932628
